Name,Date,Close/Last,Volume,Open,High,Low
CSCO,12/8/2023,$48.38 ,16039940,$48.28 ,$48.59 ,$48.21 
CSCO,12/7/2023,$48.26 ,20478480,$47.91 ,$48.36 ,$47.80 
CSCO,12/6/2023,$47.70 ,19535530,$48.07 ,$48.21 ,$47.65 
CSCO,12/5/2023,$47.93 ,20985040,$47.75 ,$47.96 ,$47.59 
CSCO,12/4/2023,$48.05 ,17812930,$48.06 ,$48.18 ,$47.78 
CSCO,12/1/2023,$48.47 ,18744690,$48.28 ,$48.78 ,$48.02 
CSCO,11/30/2023,$48.38 ,37165010,$48.19 ,$48.50 ,$47.94 
CSCO,11/29/2023,$48.05 ,16700490,$48.11 ,$48.44 ,$48.03 
CSCO,11/28/2023,$47.85 ,16360860,$47.95 ,$48.19 ,$47.81 
CSCO,11/27/2023,$47.93 ,17651620,$48.33 ,$48.37 ,$47.91 
CSCO,11/24/2023,$48.36 ,8209530,$48.09 ,$48.40 ,$48.05 
CSCO,11/22/2023,$48.08 ,17311340,$48.08 ,$48.35 ,$47.95 
CSCO,11/21/2023,$47.80 ,21510480,$48.27 ,$48.35 ,$47.66 
CSCO,11/20/2023,$48.27 ,27425670,$47.56 ,$48.37 ,$47.55 
CSCO,11/17/2023,$47.76 ,32337440,$48.05 ,$48.36 ,$47.73 
CSCO,11/16/2023,$48.04 ,79057820,$47.41 ,$48.06 ,$46.20 
CSCO,11/15/2023,$53.28 ,32188150,$53.27 ,$53.43 ,$53.04 
CSCO,11/14/2023,$53.17 ,18330970,$52.47 ,$53.37 ,$52.47 
CSCO,11/13/2023,$52.23 ,14931550,$52.48 ,$52.64 ,$52.09 
CSCO,11/10/2023,$52.59 ,17373580,$52.25 ,$52.63 ,$51.93 
CSCO,11/9/2023,$52.00 ,21039430,$52.12 ,$52.57 ,$51.75 
CSCO,11/8/2023,$53.00 ,13633770,$53.39 ,$53.50 ,$52.77 
CSCO,11/7/2023,$53.13 ,15153110,$53.34 ,$53.44 ,$52.97 
CSCO,11/6/2023,$53.29 ,15429620,$52.97 ,$53.30 ,$52.88 
CSCO,11/3/2023,$53.01 ,17645130,$53.26 ,$53.45 ,$52.63 
CSCO,11/2/2023,$52.75 ,17459680,$52.32 ,$52.80 ,$52.18 
CSCO,11/1/2023,$52.19 ,14300650,$52.04 ,$52.28 ,$51.80 
CSCO,10/31/2023,$52.13 ,13509300,$51.75 ,$52.17 ,$51.68 
CSCO,10/30/2023,$51.57 ,13322430,$51.35 ,$51.64 ,$51.09 
CSCO,10/27/2023,$51.56 ,13333930,$51.64 ,$52.15 ,$51.40 
CSCO,10/26/2023,$51.37 ,17594540,$51.87 ,$52.13 ,$51.31 
CSCO,10/25/2023,$52.40 ,14384690,$53.11 ,$53.37 ,$52.33 
CSCO,10/24/2023,$53.01 ,14824180,$52.26 ,$53.05 ,$52.06 
CSCO,10/23/2023,$52.20 ,17760040,$52.82 ,$52.85 ,$52.16 
CSCO,10/20/2023,$52.93 ,23888740,$53.39 ,$53.59 ,$52.80 
CSCO,10/19/2023,$53.32 ,16325600,$53.76 ,$53.93 ,$53.20 
CSCO,10/18/2023,$53.77 ,13087340,$53.79 ,$54.19 ,$53.60 
CSCO,10/17/2023,$53.94 ,17105930,$53.79 ,$53.98 ,$53.17 
CSCO,10/16/2023,$54.16 ,11736610,$54.07 ,$54.59 ,$54.04 
CSCO,10/13/2023,$53.77 ,14413850,$53.88 ,$54.12 ,$53.44 
CSCO,10/12/2023,$53.85 ,11846120,$54.02 ,$54.22 ,$53.51 
CSCO,10/11/2023,$53.66 ,12658050,$53.93 ,$54.13 ,$53.35 
CSCO,10/10/2023,$53.87 ,13105620,$53.96 ,$54.09 ,$53.65 
CSCO,10/9/2023,$53.92 ,10163600,$53.35 ,$53.96 ,$53.25 
CSCO,10/6/2023,$53.45 ,15665550,$52.99 ,$53.75 ,$52.74 
CSCO,10/5/2023,$53.07 ,14929530,$53.40 ,$53.47 ,$52.58 
CSCO,10/4/2023,$53.45 ,17008960,$53.66 ,$53.85 ,$53.22 
CSCO,10/3/2023,$53.65 ,15700580,$53.86 ,$53.89 ,$53.35 
CSCO,10/2/2023,$54.39 ,13934000,$53.84 ,$54.40 ,$53.81 
CSCO,9/29/2023,$53.76 ,13951240,$54.16 ,$54.20 ,$53.50 
CSCO,9/28/2023,$53.88 ,17204420,$53.37 ,$54.19 ,$53.35 
CSCO,9/27/2023,$53.20 ,15845520,$52.89 ,$53.37 ,$52.53 
CSCO,9/26/2023,$52.71 ,15618420,$53.18 ,$53.30 ,$52.58 
CSCO,9/25/2023,$53.48 ,14224390,$53.46 ,$53.68 ,$53.16 
CSCO,9/22/2023,$53.57 ,17870180,$53.40 ,$53.83 ,$53.20 
CSCO,9/21/2023,$53.34 ,37440280,$53.41 ,$54.10 ,$52.85 
CSCO,9/20/2023,$55.50 ,12221680,$55.95 ,$56.05 ,$55.44 
CSCO,9/19/2023,$55.84 ,10748900,$56.18 ,$56.21 ,$55.46 
CSCO,9/18/2023,$56.11 ,11824980,$56.01 ,$56.28 ,$55.83 
CSCO,9/15/2023,$56.04 ,44029150,$56.31 ,$56.39 ,$55.54 
CSCO,9/14/2023,$56.37 ,15760270,$56.42 ,$56.47 ,$56.08 
CSCO,9/13/2023,$56.28 ,13092200,$56.32 ,$56.53 ,$56.08 
CSCO,9/12/2023,$56.39 ,13916090,$56.65 ,$56.86 ,$56.34 
CSCO,9/11/2023,$56.84 ,15842490,$56.72 ,$56.97 ,$56.44 
CSCO,9/8/2023,$56.67 ,13993110,$56.76 ,$57.07 ,$56.56 
CSCO,9/7/2023,$56.79 ,14762100,$56.97 ,$57.09 ,$56.66 
CSCO,9/6/2023,$57.16 ,11380420,$57.10 ,$57.47 ,$57.07 
CSCO,9/5/2023,$57.26 ,13884960,$57.82 ,$57.82 ,$57.23 
CSCO,9/1/2023,$57.84 ,14080410,$57.39 ,$58.19 ,$57.39 
CSCO,8/31/2023,$57.35 ,22619680,$57.10 ,$57.53 ,$56.89 
CSCO,8/30/2023,$56.81 ,12145390,$56.63 ,$56.91 ,$56.54 
CSCO,8/29/2023,$56.56 ,17859120,$56.35 ,$56.80 ,$56.11 
CSCO,8/28/2023,$56.20 ,15189850,$55.89 ,$56.28 ,$55.68 
CSCO,8/25/2023,$55.70 ,15731770,$55.25 ,$55.87 ,$55.25 
CSCO,8/24/2023,$55.24 ,17586350,$56.32 ,$56.48 ,$55.21 
CSCO,8/23/2023,$55.98 ,18250000,$55.61 ,$56.20 ,$55.40 
CSCO,8/22/2023,$55.46 ,15665990,$55.48 ,$55.82 ,$55.28 
CSCO,8/21/2023,$55.44 ,18283190,$55.20 ,$55.79 ,$55.15 
CSCO,8/18/2023,$55.04 ,28839760,$54.63 ,$55.46 ,$54.62 
CSCO,8/17/2023,$54.73 ,45278040,$54.44 ,$55.84 ,$54.37 
CSCO,8/16/2023,$52.96 ,26470180,$53.19 ,$53.52 ,$52.87 
CSCO,8/15/2023,$53.35 ,20173360,$53.62 ,$53.73 ,$53.18 
CSCO,8/14/2023,$53.88 ,20707310,$53.80 ,$54.13 ,$53.72 
CSCO,8/11/2023,$53.79 ,14344470,$53.35 ,$53.95 ,$53.19 
CSCO,8/10/2023,$53.37 ,16329460,$53.41 ,$54.14 ,$53.17 
CSCO,8/9/2023,$52.99 ,18765520,$52.90 ,$53.45 ,$52.66 
CSCO,8/8/2023,$53.06 ,12224770,$52.66 ,$53.13 ,$52.36 
CSCO,8/7/2023,$53.01 ,11327900,$52.97 ,$53.07 ,$52.68 
CSCO,8/4/2023,$52.63 ,12266940,$52.88 ,$53.32 ,$52.54 
CSCO,8/3/2023,$53.15 ,15193560,$52.49 ,$53.27 ,$52.24 
CSCO,8/2/2023,$52.58 ,17694350,$52.38 ,$53.11 ,$52.32 
CSCO,8/1/2023,$52.66 ,15287770,$52.57 ,$52.78 ,$52.31 
CSCO,7/31/2023,$52.04 ,14195970,$51.84 ,$52.18 ,$51.74 
CSCO,7/28/2023,$52.09 ,27493040,$52.06 ,$52.42 ,$51.77 
CSCO,7/27/2023,$53.00 ,15795510,$53.60 ,$53.89 ,$52.86 
CSCO,7/26/2023,$53.22 ,13563650,$53.54 ,$53.65 ,$52.96 
CSCO,7/25/2023,$53.60 ,16136560,$53.19 ,$53.76 ,$53.11 
CSCO,7/24/2023,$53.11 ,18394420,$52.69 ,$53.31 ,$52.67 
CSCO,7/21/2023,$52.63 ,51284800,$52.75 ,$53.00 ,$52.53 
CSCO,7/20/2023,$52.37 ,22784430,$52.06 ,$52.87 ,$51.92 
CSCO,7/19/2023,$52.43 ,21744960,$52.21 ,$52.44 ,$51.70 
CSCO,7/18/2023,$51.24 ,16434160,$50.98 ,$51.37 ,$50.85 
CSCO,7/17/2023,$50.81 ,16141050,$50.20 ,$50.95 ,$50.14 
CSCO,7/14/2023,$50.38 ,19566590,$50.42 ,$50.97 ,$50.06 
CSCO,7/13/2023,$51.53 ,17864780,$50.69 ,$51.62 ,$50.65 
CSCO,7/12/2023,$50.74 ,26332530,$51.56 ,$51.93 ,$50.53 
CSCO,7/11/2023,$52.12 ,15002730,$51.57 ,$52.15 ,$51.54 
CSCO,7/10/2023,$51.40 ,19046470,$51.07 ,$51.50 ,$51.02 
CSCO,7/7/2023,$50.99 ,15580380,$51.00 ,$51.65 ,$50.74 
CSCO,7/6/2023,$51.11 ,13933190,$51.07 ,$51.19 ,$50.65 
CSCO,7/5/2023,$51.51 ,14952220,$50.97 ,$51.57 ,$50.93 
CSCO,7/3/2023,$51.82 ,7336040,$51.36 ,$51.83 ,$51.33 
CSCO,6/30/2023,$51.74 ,18188310,$51.88 ,$52.26 ,$51.52 
CSCO,6/29/2023,$51.21 ,14246000,$50.86 ,$51.27 ,$50.82 
CSCO,6/28/2023,$50.87 ,11387580,$50.78 ,$51.02 ,$50.44 
CSCO,6/27/2023,$50.86 ,12980980,$50.31 ,$51.04 ,$50.25 
CSCO,6/26/2023,$50.21 ,13032100,$50.31 ,$50.80 ,$50.18 
CSCO,6/23/2023,$50.33 ,16544580,$50.64 ,$50.72 ,$50.09 
CSCO,6/22/2023,$51.12 ,14996300,$50.65 ,$51.14 ,$50.43 
CSCO,6/21/2023,$50.85 ,16939640,$51.38 ,$51.40 ,$50.82 
CSCO,6/20/2023,$51.55 ,20140400,$51.94 ,$52.08 ,$51.47 
CSCO,6/16/2023,$52.07 ,37134420,$52.20 ,$52.41 ,$51.93 
CSCO,6/15/2023,$51.93 ,22496850,$50.91 ,$52.07 ,$50.83 
CSCO,6/14/2023,$50.96 ,16630750,$50.80 ,$51.22 ,$50.63 
CSCO,6/13/2023,$50.80 ,24035530,$50.69 ,$50.94 ,$50.45 
CSCO,6/12/2023,$50.48 ,15497670,$49.92 ,$50.51 ,$49.67 
CSCO,6/9/2023,$49.66 ,12173940,$49.53 ,$49.97 ,$49.37 
CSCO,6/8/2023,$49.68 ,13289080,$49.92 ,$50.00 ,$49.57 
CSCO,6/7/2023,$49.78 ,15950610,$49.70 ,$50.14 ,$49.65 
CSCO,6/6/2023,$49.81 ,16029600,$49.79 ,$49.91 ,$49.14 
CSCO,6/5/2023,$50.21 ,13964140,$50.22 ,$50.58 ,$50.04 
CSCO,6/2/2023,$50.02 ,19155370,$49.87 ,$50.25 ,$49.73 
CSCO,6/1/2023,$49.74 ,17816970,$49.76 ,$50.09 ,$49.26 
CSCO,5/31/2023,$49.67 ,51990280,$49.91 ,$50.03 ,$49.61 
CSCO,5/30/2023,$50.17 ,19074760,$49.99 ,$50.49 ,$49.74 
CSCO,5/26/2023,$49.86 ,19825590,$49.11 ,$50.09 ,$49.11 
CSCO,5/25/2023,$49.03 ,21716990,$47.77 ,$49.23 ,$47.72 
CSCO,5/24/2023,$48.41 ,15452950,$48.95 ,$49.00 ,$48.17 
CSCO,5/23/2023,$48.91 ,17645880,$48.61 ,$49.35 ,$48.60 
CSCO,5/22/2023,$48.82 ,18667480,$49.11 ,$49.23 ,$48.77 
CSCO,5/19/2023,$49.13 ,28564110,$48.43 ,$49.34 ,$48.40 
CSCO,5/18/2023,$48.20 ,41475720,$45.76 ,$48.25 ,$45.70 
CSCO,5/17/2023,$47.63 ,29325950,$47.15 ,$47.76 ,$47.01 
CSCO,5/16/2023,$46.92 ,16500040,$47.24 ,$47.33 ,$46.80 
CSCO,5/15/2023,$47.10 ,13204410,$46.80 ,$47.26 ,$46.56 
CSCO,5/12/2023,$46.71 ,14097460,$46.28 ,$46.81 ,$46.28 
CSCO,5/11/2023,$46.37 ,12522130,$46.83 ,$46.85 ,$46.20 
CSCO,5/10/2023,$46.71 ,15625290,$46.70 ,$46.93 ,$46.15 
CSCO,5/9/2023,$46.47 ,15221930,$45.98 ,$46.52 ,$45.92 
CSCO,5/8/2023,$46.34 ,12000030,$46.44 ,$46.52 ,$46.09 
CSCO,5/5/2023,$46.25 ,14317400,$46.12 ,$46.36 ,$45.92 
CSCO,5/4/2023,$45.70 ,17748930,$45.77 ,$45.93 ,$45.56 
CSCO,5/3/2023,$45.96 ,20765710,$46.42 ,$46.55 ,$45.86 
CSCO,5/2/2023,$46.36 ,20175130,$46.91 ,$47.08 ,$46.06 
CSCO,5/1/2023,$47.34 ,13122320,$47.20 ,$47.52 ,$47.13 
CSCO,4/28/2023,$47.25 ,19664960,$46.69 ,$47.26 ,$46.61 
CSCO,4/27/2023,$46.56 ,22845420,$46.78 ,$46.80 ,$45.97 
CSCO,4/26/2023,$46.54 ,22390500,$46.76 ,$46.85 ,$46.43 
CSCO,4/25/2023,$47.09 ,20281550,$47.37 ,$47.43 ,$46.81 
CSCO,4/24/2023,$47.39 ,17359900,$47.05 ,$47.45 ,$47.00 
CSCO,4/21/2023,$47.03 ,20861010,$46.57 ,$47.12 ,$46.24 
CSCO,4/20/2023,$46.58 ,39769410,$47.61 ,$47.65 ,$46.36 
CSCO,4/19/2023,$48.04 ,30466700,$49.23 ,$49.27 ,$47.99 
CSCO,4/18/2023,$50.31 ,15203630,$50.38 ,$50.69 ,$50.07 
CSCO,4/17/2023,$50.28 ,12042330,$50.56 ,$50.68 ,$50.05 
CSCO,4/14/2023,$50.54 ,12360100,$50.52 ,$50.85 ,$50.20 
CSCO,4/13/2023,$50.80 ,15451870,$50.21 ,$50.83 ,$50.09 
CSCO,4/12/2023,$50.11 ,16100650,$50.82 ,$50.95 ,$50.05 
CSCO,4/11/2023,$50.62 ,15957900,$51.12 ,$51.30 ,$50.52 
CSCO,4/10/2023,$51.33 ,10177650,$51.11 ,$51.40 ,$50.88 
CSCO,4/6/2023,$51.27 ,14749040,$50.92 ,$51.56 ,$50.73 
CSCO,4/5/2023,$51.82 ,13797930,$52.07 ,$52.29 ,$51.68 
CSCO,4/4/2023,$51.82 ,13599900,$52.03 ,$52.12 ,$51.43 
CSCO,4/3/2023,$52.31 ,16884640,$52.06 ,$52.56 ,$51.99 
CSCO,3/31/2023,$52.28 ,20588800,$51.44 ,$52.35 ,$51.39 
CSCO,3/30/2023,$51.43 ,11754580,$51.58 ,$51.68 ,$51.13 
CSCO,3/29/2023,$51.17 ,18463400,$50.73 ,$51.27 ,$50.64 
CSCO,3/28/2023,$50.39 ,11124350,$50.32 ,$50.60 ,$50.27 
CSCO,3/27/2023,$50.54 ,15857210,$50.70 ,$50.95 ,$50.48 
CSCO,3/24/2023,$50.51 ,19439420,$49.90 ,$50.55 ,$49.50 
CSCO,3/23/2023,$49.73 ,17775360,$49.56 ,$50.25 ,$49.41 
CSCO,3/22/2023,$49.46 ,21399350,$50.74 ,$50.75 ,$49.42 
CSCO,3/21/2023,$50.67 ,23334040,$51.21 ,$51.33 ,$50.33 
CSCO,3/20/2023,$50.94 ,22699750,$50.22 ,$51.04 ,$50.01 
CSCO,3/17/2023,$50.19 ,47642680,$50.26 ,$50.55 ,$49.74 
CSCO,3/16/2023,$50.12 ,21427590,$48.68 ,$50.29 ,$48.51 
CSCO,3/15/2023,$49.06 ,17355070,$48.37 ,$49.11 ,$48.37 
CSCO,3/14/2023,$49.05 ,17679560,$48.68 ,$49.26 ,$48.51 
CSCO,3/13/2023,$48.41 ,20280770,$48.53 ,$48.88 ,$48.12 
CSCO,3/10/2023,$48.56 ,16338210,$48.89 ,$49.17 ,$48.30 
CSCO,3/9/2023,$48.81 ,12497690,$49.30 ,$49.69 ,$48.71 
CSCO,3/8/2023,$49.11 ,12055540,$49.02 ,$49.27 ,$48.74 
CSCO,3/7/2023,$48.91 ,17506590,$49.57 ,$49.76 ,$48.63 
CSCO,3/6/2023,$49.42 ,13878360,$49.46 ,$49.81 ,$49.24 
CSCO,3/3/2023,$49.28 ,15969870,$48.99 ,$49.36 ,$48.82 
CSCO,3/2/2023,$48.53 ,18283180,$48.32 ,$48.63 ,$48.12 
CSCO,3/1/2023,$48.34 ,13449320,$48.44 ,$48.59 ,$48.02 
CSCO,2/28/2023,$48.42 ,16622430,$48.81 ,$48.93 ,$48.38 
CSCO,2/27/2023,$48.73 ,14776420,$48.95 ,$49.34 ,$48.55 
CSCO,2/24/2023,$48.48 ,17251580,$48.81 ,$48.90 ,$48.17 
CSCO,2/23/2023,$49.21 ,14066190,$49.54 ,$49.68 ,$48.55 
CSCO,2/22/2023,$49.31 ,20301890,$49.85 ,$49.85 ,$48.89 
CSCO,2/21/2023,$49.69 ,25100480,$50.71 ,$50.76 ,$49.62 
CSCO,2/17/2023,$50.77 ,25321410,$51.33 ,$51.44 ,$50.60 
CSCO,2/16/2023,$50.99 ,48125250,$49.99 ,$51.74 ,$49.80 
CSCO,2/15/2023,$48.45 ,27319960,$47.50 ,$48.52 ,$47.33 
CSCO,2/14/2023,$47.70 ,19134350,$47.78 ,$48.00 ,$47.18 
CSCO,2/13/2023,$47.86 ,19422110,$47.45 ,$47.99 ,$47.39 
CSCO,2/10/2023,$47.26 ,17397290,$46.70 ,$47.32 ,$46.64 
CSCO,2/9/2023,$46.73 ,18598420,$47.23 ,$47.41 ,$46.43 
CSCO,2/8/2023,$46.96 ,18905530,$47.38 ,$47.54 ,$46.77 
CSCO,2/7/2023,$47.84 ,16675160,$47.24 ,$48.15 ,$46.97 
CSCO,2/6/2023,$47.57 ,13991570,$48.07 ,$48.28 ,$47.52 
CSCO,2/3/2023,$48.63 ,17979960,$49.30 ,$49.30 ,$48.51 
CSCO,2/2/2023,$49.32 ,17883770,$48.53 ,$49.56 ,$48.36 
CSCO,2/1/2023,$48.57 ,19639430,$48.39 ,$48.90 ,$47.51 
CSCO,1/31/2023,$48.67 ,16821700,$48.12 ,$48.69 ,$48.05 
CSCO,1/30/2023,$48.22 ,19261940,$48.14 ,$48.50 ,$48.12 
CSCO,1/27/2023,$48.51 ,13414780,$48.10 ,$48.73 ,$47.97 
CSCO,1/26/2023,$48.34 ,12952660,$48.15 ,$48.47 ,$47.83 
CSCO,1/25/2023,$47.98 ,14638660,$47.98 ,$48.08 ,$47.23 
CSCO,1/24/2023,$47.81 ,14872690,$47.49 ,$48.02 ,$47.06 
CSCO,1/23/2023,$47.50 ,15180550,$46.90 ,$47.87 ,$46.81 
CSCO,1/20/2023,$46.78 ,21847200,$46.06 ,$46.83 ,$45.67 
CSCO,1/19/2023,$46.46 ,19118550,$46.95 ,$47.05 ,$46.39 
CSCO,1/18/2023,$46.90 ,19882210,$48.19 ,$48.27 ,$46.89 
CSCO,1/17/2023,$48.08 ,19290750,$48.92 ,$48.94 ,$47.95 
CSCO,1/13/2023,$48.88 ,12649390,$48.56 ,$49.02 ,$48.42 
CSCO,1/12/2023,$49.00 ,14241690,$49.21 ,$49.43 ,$48.85 
CSCO,1/11/2023,$49.21 ,12530860,$48.83 ,$49.23 ,$48.70 
CSCO,1/10/2023,$48.81 ,12474440,$48.80 ,$49.21 ,$48.59 
CSCO,1/9/2023,$48.58 ,13937950,$48.26 ,$49.21 ,$48.22 
CSCO,1/6/2023,$48.32 ,20823080,$47.46 ,$48.59 ,$47.28 
CSCO,1/5/2023,$46.88 ,17372060,$47.49 ,$47.49 ,$46.76 
CSCO,1/4/2023,$47.55 ,18339810,$48.28 ,$48.48 ,$47.17 
CSCO,1/3/2023,$47.94 ,17718890,$47.86 ,$48.05 ,$47.31 
CSCO,12/30/2022,$47.64 ,13199820,$47.27 ,$47.67 ,$46.95 
CSCO,12/29/2022,$47.50 ,11396470,$47.26 ,$47.74 ,$47.26 
CSCO,12/28/2022,$47.07 ,9847362,$47.69 ,$47.77 ,$46.98 
CSCO,12/27/2022,$47.53 ,12066170,$47.67 ,$47.71 ,$47.22 
CSCO,12/23/2022,$47.48 ,9554363,$47.25 ,$47.49 ,$47.01 
CSCO,12/22/2022,$47.32 ,23119120,$47.49 ,$47.49 ,$46.69 
CSCO,12/21/2022,$47.66 ,15599590,$47.69 ,$47.96 ,$47.42 
CSCO,12/20/2022,$47.37 ,15086160,$47.41 ,$47.56 ,$46.79 
CSCO,12/19/2022,$47.40 ,17986270,$47.66 ,$47.96 ,$47.14 
CSCO,12/16/2022,$47.81 ,66125390,$47.41 ,$48.00 ,$47.08 
CSCO,12/15/2022,$48.15 ,19373090,$48.96 ,$49.05 ,$47.74 
CSCO,12/14/2022,$49.30 ,19050350,$49.74 ,$50.06 ,$48.82 
CSCO,12/13/2022,$49.64 ,22705890,$50.33 ,$50.71 ,$49.23 
CSCO,12/12/2022,$49.30 ,15425340,$48.80 ,$49.32 ,$48.37 
CSCO,12/9/2022,$48.46 ,14303160,$49.10 ,$49.17 ,$48.44 
CSCO,12/8/2022,$48.99 ,16015800,$48.66 ,$49.20 ,$48.62 
CSCO,12/7/2022,$48.18 ,15171820,$48.40 ,$48.55 ,$48.06 
CSCO,12/6/2022,$48.59 ,15443790,$49.44 ,$49.44 ,$48.26 
CSCO,12/5/2022,$49.33 ,13795900,$49.55 ,$49.64 ,$49.17 
CSCO,12/2/2022,$49.70 ,12325140,$49.23 ,$49.84 ,$48.92 
CSCO,12/1/2022,$49.97 ,18559510,$49.88 ,$50.46 ,$49.69 
CSCO,11/30/2022,$49.72 ,29919730,$48.17 ,$49.83 ,$47.96 
CSCO,11/29/2022,$48.28 ,13779540,$48.25 ,$48.41 ,$47.84 
CSCO,11/28/2022,$48.08 ,14978280,$48.29 ,$48.47 ,$47.92 
CSCO,11/25/2022,$48.40 ,8492585,$48.75 ,$49.05 ,$48.35 
CSCO,11/23/2022,$48.57 ,12065560,$48.40 ,$48.99 ,$48.32 
CSCO,11/22/2022,$48.38 ,16367810,$48.00 ,$48.42 ,$47.76 
CSCO,11/21/2022,$47.62 ,17049540,$47.61 ,$48.29 ,$47.56 
CSCO,11/18/2022,$47.79 ,30843250,$46.91 ,$48.04 ,$46.86 
CSCO,11/17/2022,$46.59 ,38887820,$46.19 ,$46.85 ,$45.16 
CSCO,11/16/2022,$44.39 ,24939620,$44.94 ,$44.98 ,$44.30 
CSCO,11/15/2022,$44.90 ,19318030,$45.04 ,$45.24 ,$44.45 
CSCO,11/14/2022,$44.74 ,21091270,$44.83 ,$45.44 ,$44.68 
CSCO,11/11/2022,$44.79 ,25961760,$45.18 ,$45.32 ,$43.92 
CSCO,11/10/2022,$45.66 ,27190060,$45.70 ,$45.81 ,$44.65 
CSCO,11/9/2022,$43.91 ,19311650,$44.51 ,$44.72 ,$43.89 
CSCO,11/8/2022,$44.61 ,17503080,$44.69 ,$45.35 ,$44.18 
CSCO,11/7/2022,$44.55 ,21382990,$44.83 ,$44.98 ,$44.41 
CSCO,11/4/2022,$44.52 ,19648750,$44.50 ,$45.08 ,$43.83 
CSCO,11/3/2022,$43.85 ,17895620,$44.03 ,$44.15 ,$43.39 
CSCO,11/2/2022,$44.57 ,15309360,$45.47 ,$46.21 ,$44.55 
CSCO,11/1/2022,$45.46 ,12088890,$45.58 ,$45.79 ,$45.06 
CSCO,10/31/2022,$45.43 ,17793740,$45.31 ,$45.64 ,$45.06 
CSCO,10/28/2022,$45.64 ,17978330,$44.69 ,$45.71 ,$44.65 
CSCO,10/27/2022,$44.42 ,18102450,$44.77 ,$45.09 ,$44.36 
CSCO,10/26/2022,$44.38 ,20055300,$44.93 ,$45.23 ,$44.28 
CSCO,10/25/2022,$44.36 ,19165170,$43.34 ,$44.40 ,$43.20 
CSCO,10/24/2022,$43.54 ,18785260,$43.12 ,$43.73 ,$42.90 
CSCO,10/21/2022,$42.80 ,25035030,$41.85 ,$42.97 ,$41.81 
CSCO,10/20/2022,$41.71 ,16830460,$41.56 ,$42.62 ,$41.46 
CSCO,10/19/2022,$41.88 ,19071940,$41.63 ,$42.24 ,$41.47 
CSCO,10/18/2022,$41.79 ,18223320,$41.92 ,$42.22 ,$41.26 
CSCO,10/17/2022,$41.30 ,27845190,$41.04 ,$41.53 ,$40.95 
CSCO,10/14/2022,$40.20 ,19572200,$40.84 ,$40.96 ,$39.92 
CSCO,10/13/2022,$40.61 ,26328350,$39.03 ,$40.80 ,$38.61 
CSCO,10/12/2022,$39.27 ,17279920,$39.70 ,$39.86 ,$39.25 
CSCO,10/11/2022,$39.58 ,19386430,$39.81 ,$40.11 ,$39.27 
CSCO,10/10/2022,$39.89 ,16628440,$40.63 ,$40.81 ,$39.60 
CSCO,10/7/2022,$40.27 ,19055400,$41.25 ,$41.25 ,$40.08 
CSCO,10/6/2022,$41.52 ,18198830,$41.65 ,$42.09 ,$41.37 
CSCO,10/5/2022,$41.99 ,14289740,$41.59 ,$42.25 ,$41.40 
CSCO,10/4/2022,$41.82 ,22889360,$41.56 ,$42.04 ,$41.39 
CSCO,10/3/2022,$41.29 ,22203580,$40.67 ,$41.53 ,$40.47 
CSCO,9/30/2022,$40.00 ,27989870,$40.66 ,$41.04 ,$39.96 
CSCO,9/29/2022,$40.57 ,19496430,$41.05 ,$41.10 ,$40.15 
CSCO,9/28/2022,$41.34 ,23217710,$40.85 ,$41.57 ,$40.59 
CSCO,9/27/2022,$40.52 ,15027870,$41.14 ,$41.46 ,$40.23 
CSCO,9/26/2022,$40.58 ,22694820,$40.66 ,$41.19 ,$40.37 
CSCO,9/23/2022,$40.66 ,19067690,$41.25 ,$41.25 ,$40.12 
CSCO,9/22/2022,$41.15 ,16690990,$41.34 ,$41.55 ,$41.14 
CSCO,9/21/2022,$41.59 ,21415880,$42.32 ,$42.87 ,$41.57 
CSCO,9/20/2022,$42.58 ,16813920,$43.01 ,$43.02 ,$42.26 
CSCO,9/19/2022,$43.30 ,13667540,$42.90 ,$43.44 ,$42.76 
CSCO,9/16/2022,$43.30 ,32696100,$43.11 ,$43.58 ,$42.79 
CSCO,9/15/2022,$43.29 ,18148600,$43.81 ,$43.87 ,$43.09 
CSCO,9/14/2022,$43.96 ,27551510,$44.04 ,$44.27 ,$43.56 
CSCO,9/13/2022,$44.11 ,23028650,$45.72 ,$45.91 ,$44.02 
CSCO,9/12/2022,$46.40 ,17923010,$46.11 ,$46.73 ,$45.97 
CSCO,9/9/2022,$45.77 ,15499420,$45.66 ,$45.89 ,$45.40 
CSCO,9/8/2022,$45.37 ,14231500,$44.76 ,$45.47 ,$44.62 
CSCO,9/7/2022,$45.02 ,18297410,$44.75 ,$45.17 ,$44.35 
CSCO,9/6/2022,$44.47 ,14366070,$44.66 ,$44.79 ,$43.98 
CSCO,9/2/2022,$44.59 ,14720950,$45.71 ,$45.92 ,$44.28 
CSCO,9/1/2022,$45.29 ,16236430,$44.57 ,$45.34 ,$44.40 
CSCO,8/31/2022,$44.72 ,23006140,$45.78 ,$45.83 ,$44.59 
CSCO,8/30/2022,$45.24 ,14279070,$45.75 ,$45.87 ,$44.96 
CSCO,8/29/2022,$45.71 ,13425740,$45.72 ,$46.00 ,$45.49 
CSCO,8/26/2022,$45.89 ,20309830,$47.08 ,$47.27 ,$45.88 
CSCO,8/25/2022,$47.27 ,23039280,$47.25 ,$47.43 ,$46.84 
CSCO,8/24/2022,$47.07 ,14946490,$47.09 ,$47.41 ,$46.87 
CSCO,8/23/2022,$47.41 ,13596810,$47.59 ,$48.04 ,$47.39 
CSCO,8/22/2022,$47.71 ,20534050,$48.47 ,$48.50 ,$47.52 
CSCO,8/19/2022,$48.70 ,23130410,$49.01 ,$49.46 ,$48.54 
CSCO,8/18/2022,$49.37 ,39999940,$49.80 ,$50.00 ,$49.11 
CSCO,8/17/2022,$46.66 ,27975610,$46.36 ,$47.10 ,$46.23 
CSCO,8/16/2022,$46.77 ,21153700,$46.57 ,$47.01 ,$46.44 
CSCO,8/15/2022,$46.59 ,15456070,$46.39 ,$46.62 ,$46.03 
CSCO,8/12/2022,$46.61 ,16967590,$46.09 ,$46.61 ,$45.97 
CSCO,8/11/2022,$45.90 ,15849320,$46.11 ,$46.43 ,$45.77 
CSCO,8/10/2022,$46.02 ,18935430,$45.71 ,$46.06 ,$45.43 
CSCO,8/9/2022,$44.92 ,12826330,$45.15 ,$45.18 ,$44.72 
CSCO,8/8/2022,$45.02 ,15466670,$45.49 ,$45.52 ,$44.86 
CSCO,8/5/2022,$45.01 ,19533920,$44.91 ,$45.07 ,$44.54 
CSCO,8/4/2022,$45.38 ,15249320,$45.90 ,$45.93 ,$45.01 
CSCO,8/3/2022,$45.71 ,14943770,$44.90 ,$45.82 ,$44.79 
CSCO,8/2/2022,$44.92 ,15005410,$45.52 ,$45.70 ,$44.90 
CSCO,8/1/2022,$45.28 ,14153360,$45.06 ,$45.43 ,$44.76 
CSCO,7/29/2022,$45.37 ,23701680,$45.11 ,$45.49 ,$44.83 
CSCO,7/28/2022,$45.62 ,17576190,$44.88 ,$45.87 ,$44.71 
CSCO,7/27/2022,$44.64 ,22348960,$44.19 ,$44.79 ,$43.83 
CSCO,7/26/2022,$43.83 ,19513030,$44.37 ,$44.54 ,$43.75 
CSCO,7/25/2022,$44.34 ,12954740,$44.66 ,$44.66 ,$44.11 
CSCO,7/22/2022,$44.46 ,14854640,$44.78 ,$44.92 ,$44.25 
CSCO,7/21/2022,$44.58 ,15364580,$44.29 ,$44.69 ,$44.07 
CSCO,7/20/2022,$44.13 ,15599220,$44.08 ,$44.32 ,$43.66 
CSCO,7/19/2022,$44.03 ,22861380,$42.82 ,$44.09 ,$42.65 
CSCO,7/18/2022,$42.60 ,16743800,$43.30 ,$43.32 ,$42.41 
CSCO,7/15/2022,$43.07 ,19897840,$42.50 ,$43.13 ,$42.50 
CSCO,7/14/2022,$42.33 ,17336230,$41.79 ,$42.47 ,$41.35 
CSCO,7/13/2022,$42.70 ,16854200,$41.85 ,$43.05 ,$41.80 
CSCO,7/12/2022,$42.86 ,17385310,$43.58 ,$43.83 ,$42.66 
CSCO,7/11/2022,$43.25 ,15279570,$43.34 ,$43.68 ,$43.07 
CSCO,7/8/2022,$43.39 ,11816980,$43.03 ,$43.61 ,$42.94 
CSCO,7/7/2022,$43.22 ,22316700,$42.88 ,$43.36 ,$42.79 
CSCO,7/6/2022,$42.69 ,17250440,$42.12 ,$42.93 ,$42.01 
CSCO,7/5/2022,$41.96 ,24448140,$41.52 ,$41.97 ,$40.82 
CSCO,7/1/2022,$42.60 ,24338550,$42.52 ,$42.70 ,$41.57 
CSCO,6/30/2022,$42.64 ,24947920,$42.37 ,$43.14 ,$42.19 
CSCO,6/29/2022,$42.88 ,13450790,$43.14 ,$43.26 ,$42.69 
CSCO,6/28/2022,$43.06 ,20094260,$43.91 ,$44.47 ,$42.99 
CSCO,6/27/2022,$43.77 ,22755300,$44.29 ,$44.29 ,$43.63 
CSCO,6/24/2022,$44.10 ,30543780,$43.44 ,$44.22 ,$43.24 
CSCO,6/23/2022,$42.93 ,33801720,$43.41 ,$43.46 ,$42.72 
CSCO,6/22/2022,$43.57 ,19942290,$43.47 ,$44.12 ,$43.17 
CSCO,6/21/2022,$44.14 ,23277880,$43.81 ,$44.28 ,$43.70 
CSCO,6/17/2022,$43.39 ,59678620,$43.36 ,$44.00 ,$43.24 
CSCO,6/16/2022,$43.32 ,27049020,$42.81 ,$43.41 ,$42.81 
CSCO,6/15/2022,$43.80 ,22525080,$43.37 ,$44.43 ,$43.10 
CSCO,6/14/2022,$42.91 ,22499140,$43.63 ,$43.70 ,$42.57 
CSCO,6/13/2022,$43.24 ,29050820,$43.06 ,$43.84 ,$42.89 
CSCO,6/10/2022,$43.49 ,20267050,$43.80 ,$43.99 ,$43.29 
CSCO,6/9/2022,$44.26 ,18417690,$44.83 ,$45.27 ,$44.24 
CSCO,6/8/2022,$44.92 ,16263800,$45.45 ,$45.63 ,$44.88 
CSCO,6/7/2022,$45.57 ,14667230,$44.82 ,$45.65 ,$44.72 
CSCO,6/6/2022,$45.33 ,12641920,$45.60 ,$46.09 ,$45.13 
CSCO,6/3/2022,$45.25 ,17946970,$45.55 ,$45.74 ,$45.12 
CSCO,6/2/2022,$45.79 ,20546750,$45.18 ,$45.80 ,$44.90 
CSCO,6/1/2022,$45.23 ,20665970,$45.55 ,$45.80 ,$44.77 
CSCO,5/31/2022,$45.05 ,64821190,$45.27 ,$45.61 ,$44.74 
CSCO,5/27/2022,$45.62 ,23882060,$45.12 ,$45.64 ,$44.95 
CSCO,5/26/2022,$44.99 ,28294660,$44.05 ,$45.53 ,$44.05 
CSCO,5/25/2022,$44.00 ,25504570,$43.75 ,$44.42 ,$43.19 
CSCO,5/24/2022,$43.77 ,30053850,$43.40 ,$44.06 ,$42.50 
CSCO,5/23/2022,$43.35 ,27366600,$43.34 ,$43.82 ,$42.94 
CSCO,5/20/2022,$42.94 ,46148680,$41.86 ,$43.00 ,$41.52 
CSCO,5/19/2022,$41.72 ,97674610,$43.06 ,$43.93 ,$41.02 
CSCO,5/18/2022,$48.36 ,40672700,$50.47 ,$50.47 ,$48.21 
CSCO,5/17/2022,$50.60 ,18780580,$49.68 ,$50.72 ,$49.51 
CSCO,5/16/2022,$49.00 ,20254530,$49.66 ,$49.66 ,$48.88 
CSCO,5/13/2022,$49.56 ,18954480,$48.71 ,$49.63 ,$48.53 
CSCO,5/12/2022,$48.29 ,25950960,$48.63 ,$48.78 ,$47.47 
CSCO,5/11/2022,$48.65 ,23872140,$49.09 ,$49.64 ,$48.58 
CSCO,5/10/2022,$49.55 ,21741120,$49.71 ,$50.24 ,$49.15 
CSCO,5/9/2022,$48.96 ,22421200,$49.00 ,$49.42 ,$48.67 
CSCO,5/6/2022,$49.33 ,21743860,$49.15 ,$49.84 ,$48.85 
CSCO,5/5/2022,$49.61 ,24846480,$51.15 ,$51.21 ,$49.16 
CSCO,5/4/2022,$51.58 ,23942300,$50.03 ,$51.66 ,$49.67 
CSCO,5/3/2022,$49.92 ,15828220,$49.77 ,$50.36 ,$49.53 
CSCO,5/2/2022,$49.86 ,22499250,$49.34 ,$49.91 ,$48.93 
CSCO,4/29/2022,$48.98 ,20281440,$50.51 ,$50.64 ,$48.87 
CSCO,4/28/2022,$50.63 ,20170660,$49.53 ,$50.78 ,$49.21 
CSCO,4/27/2022,$49.31 ,33668560,$50.91 ,$51.11 ,$49.25 
CSCO,4/26/2022,$50.90 ,19238340,$51.88 ,$51.94 ,$50.87 
CSCO,4/25/2022,$51.94 ,18677040,$51.45 ,$51.98 ,$50.54 
CSCO,4/22/2022,$51.36 ,17692980,$52.92 ,$52.96 ,$51.29 
CSCO,4/21/2022,$52.78 ,17147260,$53.34 ,$53.83 ,$52.73 
CSCO,4/20/2022,$53.02 ,19526240,$52.22 ,$53.67 ,$52.15 
CSCO,4/19/2022,$51.83 ,15490880,$51.00 ,$51.94 ,$50.92 
CSCO,4/18/2022,$51.11 ,13990700,$50.88 ,$51.56 ,$50.80 
CSCO,4/14/2022,$51.17 ,18024830,$52.08 ,$52.38 ,$51.12 
CSCO,4/13/2022,$52.15 ,17004590,$51.84 ,$52.36 ,$51.41 
CSCO,4/12/2022,$51.82 ,25254240,$51.70 ,$52.95 ,$51.48 
CSCO,4/11/2022,$52.88 ,20992060,$53.92 ,$53.95 ,$52.79 
CSCO,4/8/2022,$54.28 ,18148380,$54.84 ,$54.91 ,$54.01 
CSCO,4/7/2022,$54.63 ,15738990,$54.43 ,$54.85 ,$53.74 
CSCO,4/6/2022,$54.37 ,19644090,$54.69 ,$54.76 ,$53.84 
CSCO,4/5/2022,$54.92 ,16063610,$55.20 ,$55.59 ,$54.67 
CSCO,4/4/2022,$55.87 ,19645620,$55.46 ,$56.12 ,$54.99 
CSCO,4/1/2022,$55.66 ,17465150,$56.17 ,$56.19 ,$54.89 
CSCO,3/31/2022,$55.76 ,27587690,$56.04 ,$56.88 ,$55.72 
CSCO,3/30/2022,$56.05 ,16125420,$55.75 ,$56.94 ,$55.59 
CSCO,3/29/2022,$55.67 ,20036470,$55.67 ,$56.31 ,$55.04 
CSCO,3/28/2022,$55.14 ,17164620,$54.80 ,$55.16 ,$54.42 
CSCO,3/25/2022,$54.97 ,18092380,$54.61 ,$55.18 ,$54.40 
CSCO,3/24/2022,$54.50 ,20551510,$54.67 ,$54.69 ,$53.68 
CSCO,3/23/2022,$54.48 ,19742130,$55.90 ,$56.09 ,$54.45 
CSCO,3/22/2022,$56.17 ,29287850,$56.36 ,$56.72 ,$56.09 
CSCO,3/21/2022,$56.00 ,29174580,$56.06 ,$56.55 ,$55.52 
CSCO,3/18/2022,$55.97 ,51807230,$56.03 ,$56.42 ,$55.54 
CSCO,3/17/2022,$56.17 ,18830690,$55.49 ,$56.30 ,$55.35 
CSCO,3/16/2022,$55.81 ,21821810,$55.93 ,$56.00 ,$54.60 
CSCO,3/15/2022,$55.60 ,18829100,$54.42 ,$55.73 ,$54.42 
CSCO,3/14/2022,$54.30 ,17977520,$54.73 ,$55.40 ,$54.00 
CSCO,3/11/2022,$54.69 ,20330310,$55.29 ,$56.21 ,$54.60 
CSCO,3/10/2022,$54.71 ,18550930,$54.40 ,$55.16 ,$53.97 
CSCO,3/9/2022,$55.92 ,19150860,$55.64 ,$56.25 ,$55.25 
CSCO,3/8/2022,$54.40 ,23642380,$55.70 ,$55.86 ,$54.07 
CSCO,3/7/2022,$55.59 ,21350920,$56.31 ,$56.44 ,$55.52 
CSCO,3/4/2022,$56.51 ,16731550,$55.67 ,$56.90 ,$55.25 
CSCO,3/3/2022,$56.07 ,16794590,$56.74 ,$57.00 ,$55.84 
CSCO,3/2/2022,$56.15 ,18660050,$54.77 ,$56.38 ,$54.71 
CSCO,3/1/2022,$54.62 ,17799610,$55.53 ,$55.85 ,$54.26 
CSCO,2/28/2022,$55.77 ,23868700,$55.41 ,$56.00 ,$54.75 
CSCO,2/25/2022,$56.04 ,18963680,$54.98 ,$56.22 ,$54.49 
CSCO,2/24/2022,$54.73 ,27739340,$54.07 ,$54.83 ,$53.21 
CSCO,2/23/2022,$54.44 ,22033660,$56.61 ,$56.99 ,$54.37 
CSCO,2/22/2022,$56.30 ,25188340,$56.93 ,$57.14 ,$55.74 
CSCO,2/18/2022,$57.21 ,35626150,$55.46 ,$57.69 ,$55.38 
CSCO,2/17/2022,$55.77 ,32884670,$55.50 ,$57.06 ,$55.40 
CSCO,2/16/2022,$54.25 ,20388670,$54.13 ,$54.44 ,$53.39 
CSCO,2/15/2022,$54.27 ,17680360,$53.72 ,$54.30 ,$53.64 
CSCO,2/14/2022,$53.18 ,21868420,$53.41 ,$53.65 ,$52.70 
CSCO,2/11/2022,$53.90 ,20132500,$54.87 ,$55.09 ,$53.77 
CSCO,2/10/2022,$54.87 ,19730640,$55.24 ,$56.03 ,$54.74 
CSCO,2/9/2022,$56.29 ,19136720,$55.82 ,$56.38 ,$55.48 
CSCO,2/8/2022,$55.34 ,15219940,$55.06 ,$55.49 ,$54.71 
CSCO,2/7/2022,$55.17 ,14450180,$55.33 ,$55.53 ,$54.70 
CSCO,2/4/2022,$55.15 ,19675870,$54.89 ,$55.62 ,$54.39 
CSCO,2/3/2022,$55.20 ,19260470,$55.87 ,$56.15 ,$55.06 
CSCO,2/2/2022,$56.17 ,23316720,$55.23 ,$56.32 ,$55.17 
CSCO,2/1/2022,$55.37 ,22438470,$55.45 ,$55.50 ,$54.74 
CSCO,1/31/2022,$55.67 ,29925300,$55.43 ,$55.86 ,$54.87 
CSCO,1/28/2022,$55.61 ,30976580,$54.50 ,$55.66 ,$53.45 
CSCO,1/27/2022,$54.62 ,25967390,$55.51 ,$56.53 ,$54.40 
CSCO,1/26/2022,$55.33 ,28632690,$56.11 ,$56.45 ,$54.86 
CSCO,1/25/2022,$56.11 ,25156430,$56.09 ,$56.69 ,$55.07 
CSCO,1/24/2022,$56.90 ,34191540,$56.16 ,$57.00 ,$54.87 
CSCO,1/21/2022,$56.68 ,25913970,$58.07 ,$58.34 ,$56.61 
CSCO,1/20/2022,$58.08 ,17726480,$58.99 ,$59.34 ,$58.02 
CSCO,1/19/2022,$58.90 ,24333870,$58.00 ,$59.49 ,$57.78 
CSCO,1/18/2022,$59.73 ,26550560,$59.98 ,$60.22 ,$59.49 
CSCO,1/14/2022,$61.36 ,18832050,$61.47 ,$61.50 ,$60.94 
CSCO,1/13/2022,$61.50 ,14871640,$62.08 ,$62.15 ,$61.21 
CSCO,1/12/2022,$62.12 ,13405380,$62.40 ,$62.82 ,$61.92 
CSCO,1/11/2022,$62.37 ,22804160,$61.60 ,$62.43 ,$61.44 
CSCO,1/10/2022,$61.82 ,24715340,$60.87 ,$61.90 ,$60.52 
CSCO,1/7/2022,$61.13 ,20152410,$60.87 ,$61.50 ,$60.67 
CSCO,1/6/2022,$60.92 ,19616650,$60.00 ,$61.13 ,$59.91 
CSCO,1/5/2022,$60.28 ,30317890,$61.19 ,$61.64 ,$60.25 
CSCO,1/4/2022,$61.25 ,29682500,$62.44 ,$62.81 ,$61.11 
CSCO,1/3/2022,$63.16 ,17189200,$62.90 ,$63.35 ,$62.50 
CSCO,12/31/2021,$63.37 ,10359100,$63.55 ,$63.82 ,$63.32 
CSCO,12/30/2021,$63.62 ,9076698,$64.04 ,$64.14 ,$63.47 
CSCO,12/29/2021,$63.96 ,15069940,$63.65 ,$64.29 ,$63.55 
CSCO,12/28/2021,$63.53 ,12871660,$63.42 ,$63.84 ,$63.23 
CSCO,12/27/2021,$63.42 ,14780510,$62.41 ,$63.47 ,$62.28 
CSCO,12/23/2021,$62.28 ,17771400,$61.79 ,$62.90 ,$61.79 
CSCO,12/22/2021,$61.53 ,17095450,$60.97 ,$61.60 ,$60.62 
CSCO,12/21/2021,$61.03 ,20761100,$60.44 ,$61.24 ,$60.00 
CSCO,12/20/2021,$60.36 ,21342150,$59.67 ,$60.41 ,$59.30 
CSCO,12/17/2021,$60.46 ,62333270,$60.27 ,$60.80 ,$59.79 
CSCO,12/16/2021,$60.31 ,24599320,$60.05 ,$60.76 ,$59.87 
CSCO,12/15/2021,$59.93 ,27953910,$57.92 ,$60.03 ,$57.90 
CSCO,12/14/2021,$57.77 ,19114190,$58.34 ,$58.53 ,$57.37 
CSCO,12/13/2021,$58.61 ,18496310,$59.10 ,$59.51 ,$58.54 
CSCO,12/10/2021,$59.25 ,19901480,$57.91 ,$59.34 ,$57.91 
CSCO,12/9/2021,$57.55 ,16480250,$57.20 ,$57.83 ,$56.93 
CSCO,12/8/2021,$57.02 ,23631260,$58.08 ,$58.13 ,$56.63 
CSCO,12/7/2021,$58.08 ,24254770,$57.10 ,$58.22 ,$57.01 
CSCO,12/6/2021,$56.96 ,23172840,$56.70 ,$57.17 ,$56.47 
CSCO,12/3/2021,$56.23 ,26235370,$56.30 ,$56.82 ,$55.67 
CSCO,12/2/2021,$56.15 ,22384720,$55.15 ,$56.61 ,$55.08 
CSCO,12/1/2021,$55.03 ,24126180,$55.53 ,$56.38 ,$54.93 
CSCO,11/30/2021,$54.84 ,45141290,$55.58 ,$55.60 ,$54.15 
CSCO,11/29/2021,$55.76 ,25724510,$55.14 ,$56.19 ,$54.83 
CSCO,11/26/2021,$54.67 ,16730280,$54.46 ,$55.19 ,$54.46 
CSCO,11/24/2021,$55.54 ,19328710,$55.15 ,$55.75 ,$55.15 
CSCO,11/23/2021,$55.30 ,25653550,$54.61 ,$55.58 ,$54.47 
CSCO,11/22/2021,$54.60 ,39952480,$53.35 ,$55.53 ,$53.30 
CSCO,11/19/2021,$53.25 ,30030780,$53.55 ,$53.69 ,$52.78 
CSCO,11/18/2021,$53.63 ,70843010,$52.73 ,$53.93 ,$51.08 
CSCO,11/17/2021,$56.76 ,31496260,$56.61 ,$57.14 ,$56.27 
CSCO,11/16/2021,$57.00 ,21136860,$57.24 ,$58.08 ,$56.93 
CSCO,11/15/2021,$57.27 ,19041760,$56.93 ,$57.70 ,$56.83 
CSCO,11/12/2021,$56.82 ,16663560,$56.97 ,$57.15 ,$56.31 
CSCO,11/11/2021,$56.76 ,17440740,$57.57 ,$57.77 ,$56.69 
CSCO,11/10/2021,$57.77 ,17868620,$57.90 ,$58.63 ,$57.69 
CSCO,11/9/2021,$57.44 ,14459820,$57.07 ,$57.63 ,$56.90 
CSCO,11/8/2021,$57.00 ,15045280,$57.10 ,$57.52 ,$56.59 
CSCO,11/5/2021,$57.07 ,15637920,$57.38 ,$57.80 ,$56.93 
CSCO,11/4/2021,$57.12 ,18070420,$57.60 ,$57.69 ,$56.56 
CSCO,11/3/2021,$57.65 ,13219380,$57.58 ,$57.93 ,$57.12 
CSCO,11/2/2021,$57.62 ,22097850,$56.37 ,$57.87 ,$56.28 
CSCO,11/1/2021,$56.10 ,14341380,$55.87 ,$56.25 ,$55.50 
CSCO,10/29/2021,$55.97 ,13550600,$56.32 ,$56.58 ,$55.86 
CSCO,10/28/2021,$56.24 ,11209170,$56.23 ,$56.69 ,$55.89 
CSCO,10/27/2021,$56.18 ,16278990,$56.13 ,$56.72 ,$55.93 
CSCO,10/26/2021,$55.81 ,15249970,$55.56 ,$56.35 ,$55.40 
CSCO,10/25/2021,$55.14 ,10218870,$55.11 ,$55.42 ,$54.81 
CSCO,10/22/2021,$55.11 ,15026630,$55.55 ,$55.86 ,$54.94 
CSCO,10/21/2021,$55.69 ,12619890,$56.04 ,$56.12 ,$55.53 
CSCO,10/20/2021,$56.20 ,11613610,$55.80 ,$56.23 ,$55.80 
CSCO,10/19/2021,$55.74 ,13258370,$55.29 ,$55.78 ,$55.03 
CSCO,10/18/2021,$55.19 ,10989550,$55.04 ,$55.49 ,$54.57 
CSCO,10/15/2021,$55.25 ,15202190,$55.89 ,$55.89 ,$54.96 
CSCO,10/14/2021,$55.65 ,14456310,$55.09 ,$55.85 ,$54.98 
CSCO,10/13/2021,$54.62 ,13739170,$54.32 ,$54.75 ,$54.08 
CSCO,10/12/2021,$54.28 ,14241870,$54.99 ,$55.06 ,$54.07 
CSCO,10/11/2021,$54.93 ,8117578,$55.25 ,$55.38 ,$54.90 
CSCO,10/8/2021,$55.08 ,9255682,$55.20 ,$55.30 ,$54.75 
CSCO,10/7/2021,$55.02 ,14725500,$54.49 ,$55.41 ,$54.35 
CSCO,10/6/2021,$53.94 ,26339160,$54.35 ,$54.38 ,$52.98 
CSCO,10/5/2021,$54.69 ,14135040,$54.13 ,$55.03 ,$54.13 
CSCO,10/4/2021,$54.23 ,17084070,$54.50 ,$54.68 ,$53.95 
CSCO,10/1/2021,$55.14 ,18338040,$54.60 ,$55.41 ,$54.04 
CSCO,9/30/2021,$54.43 ,18541410,$55.80 ,$55.90 ,$54.41 
CSCO,9/29/2021,$55.48 ,14051720,$55.62 ,$55.98 ,$55.34 
CSCO,9/28/2021,$55.52 ,17803200,$55.78 ,$55.99 ,$55.41 
CSCO,9/27/2021,$56.22 ,13859540,$56.46 ,$56.67 ,$56.05 
CSCO,9/24/2021,$56.73 ,13156450,$56.45 ,$56.81 ,$56.22 
CSCO,9/23/2021,$56.69 ,16262480,$55.70 ,$56.90 ,$55.60 
CSCO,9/22/2021,$55.52 ,17940640,$55.76 ,$56.13 ,$55.37 
CSCO,9/21/2021,$55.26 ,18700630,$55.96 ,$56.37 ,$55.23 
CSCO,9/20/2021,$55.89 ,21896980,$56.38 ,$56.40 ,$55.29 
CSCO,9/17/2021,$56.85 ,40262680,$57.39 ,$57.45 ,$56.47 
CSCO,9/16/2021,$57.33 ,24029590,$58.31 ,$58.82 ,$57.13 
CSCO,9/15/2021,$57.56 ,37524580,$57.78 ,$59.60 ,$57.06 
CSCO,9/14/2021,$57.87 ,12810340,$58.24 ,$58.47 ,$57.66 
CSCO,9/13/2021,$58.10 ,13553240,$58.16 ,$58.53 ,$57.73 
CSCO,9/10/2021,$57.89 ,13622080,$58.75 ,$58.95 ,$57.82 
CSCO,9/9/2021,$58.60 ,14958800,$58.45 ,$58.94 ,$58.25 
CSCO,9/8/2021,$58.68 ,13124540,$58.55 ,$58.93 ,$58.49 
CSCO,9/7/2021,$58.88 ,15503810,$59.24 ,$59.37 ,$58.75 
CSCO,9/3/2021,$59.42 ,9735954,$59.33 ,$59.66 ,$59.28 
CSCO,9/2/2021,$59.53 ,12857570,$59.35 ,$59.72 ,$59.06 
CSCO,9/1/2021,$59.04 ,11629950,$59.02 ,$59.14 ,$58.66 
CSCO,8/31/2021,$59.02 ,19873920,$59.11 ,$59.18 ,$58.58 
CSCO,8/30/2021,$59.13 ,11798610,$58.98 ,$59.22 ,$58.80 
CSCO,8/27/2021,$59.02 ,14795230,$59.27 ,$59.35 ,$58.86 
CSCO,8/26/2021,$59.20 ,13729430,$59.42 ,$59.63 ,$58.99 
CSCO,8/25/2021,$59.35 ,18069600,$59.54 ,$60.27 ,$59.17 
CSCO,8/24/2021,$59.32 ,17658270,$58.49 ,$59.43 ,$58.43 
CSCO,8/23/2021,$58.54 ,16225370,$57.85 ,$58.70 ,$57.74 
CSCO,8/20/2021,$58.22 ,21876450,$57.25 ,$58.34 ,$56.85 
CSCO,8/19/2021,$57.27 ,39881550,$54.76 ,$57.49 ,$54.59 
CSCO,8/18/2021,$55.15 ,17111660,$55.79 ,$56.14 ,$55.03 
CSCO,8/17/2021,$56.01 ,11987540,$55.87 ,$56.02 ,$55.63 
CSCO,8/16/2021,$56.28 ,14408720,$56.30 ,$56.43 ,$55.93 
CSCO,8/13/2021,$56.47 ,10841710,$56.39 ,$56.62 ,$56.26 
CSCO,8/12/2021,$56.39 ,11214980,$55.85 ,$56.45 ,$55.66 
CSCO,8/11/2021,$55.86 ,12604660,$55.89 ,$56.01 ,$55.60 
CSCO,8/10/2021,$55.61 ,10441900,$55.50 ,$55.67 ,$55.25 
CSCO,8/9/2021,$55.47 ,8707363,$55.82 ,$56.07 ,$55.40 
CSCO,8/6/2021,$55.59 ,18386120,$55.47 ,$55.95 ,$55.15 
CSCO,8/5/2021,$55.76 ,10785170,$55.52 ,$55.98 ,$55.50 
CSCO,8/4/2021,$55.69 ,11662400,$56.37 ,$56.37 ,$55.47 
CSCO,8/3/2021,$56.25 ,17357430,$55.54 ,$56.42 ,$55.27 
CSCO,8/2/2021,$55.45 ,12468820,$55.60 ,$55.94 ,$55.26 
CSCO,7/30/2021,$55.37 ,13438790,$55.08 ,$55.49 ,$55.01 
CSCO,7/29/2021,$55.07 ,10680230,$55.00 ,$55.35 ,$54.90 
CSCO,7/28/2021,$54.77 ,18835700,$55.46 ,$55.52 ,$54.41 
CSCO,7/27/2021,$55.28 ,14738680,$55.38 ,$55.41 ,$54.79 
CSCO,7/26/2021,$55.47 ,10097440,$55.13 ,$55.65 ,$55.13 
CSCO,7/23/2021,$55.23 ,13042470,$54.89 ,$55.34 ,$54.51 
CSCO,7/22/2021,$54.54 ,15729800,$53.91 ,$54.55 ,$53.78 
CSCO,7/21/2021,$53.88 ,14068610,$53.82 ,$53.90 ,$53.42 
CSCO,7/20/2021,$53.58 ,17250160,$53.28 ,$53.93 ,$53.19 
CSCO,7/19/2021,$53.06 ,19925280,$53.67 ,$53.70 ,$52.73 
CSCO,7/16/2021,$53.70 ,14144920,$53.88 ,$54.41 ,$53.65 
CSCO,7/15/2021,$53.65 ,14952370,$53.84 ,$53.87 ,$53.24 
CSCO,7/14/2021,$54.09 ,17113680,$53.50 ,$54.20 ,$53.34 
CSCO,7/13/2021,$53.32 ,9927531,$53.34 ,$53.58 ,$53.20 
CSCO,7/12/2021,$53.23 ,14000840,$54.04 ,$54.04 ,$53.13 
CSCO,7/9/2021,$53.74 ,14673400,$53.36 ,$53.93 ,$53.29 
CSCO,7/8/2021,$53.26 ,15691810,$53.16 ,$53.72 ,$52.91 
CSCO,7/7/2021,$53.26 ,14411560,$53.07 ,$53.30 ,$52.67 
CSCO,7/6/2021,$52.98 ,19394470,$53.22 ,$53.36 ,$52.34 
CSCO,7/2/2021,$53.54 ,15068260,$53.19 ,$53.62 ,$52.84 
CSCO,7/1/2021,$53.44 ,15074800,$53.05 ,$53.60 ,$53.00 
CSCO,6/30/2021,$53.00 ,15826640,$52.95 ,$53.07 ,$52.62 
CSCO,6/29/2021,$52.91 ,10926110,$52.89 ,$53.19 ,$52.77 
CSCO,6/28/2021,$52.96 ,14008660,$53.16 ,$53.29 ,$52.92 
CSCO,6/25/2021,$53.06 ,16682660,$52.77 ,$53.20 ,$52.65 
CSCO,6/24/2021,$52.78 ,13974290,$52.94 ,$53.05 ,$52.61 
CSCO,6/23/2021,$52.76 ,14749810,$53.27 ,$53.29 ,$52.59 
CSCO,6/22/2021,$53.26 ,16451240,$53.30 ,$53.36 ,$52.81 
CSCO,6/21/2021,$53.18 ,17682230,$52.37 ,$53.41 ,$52.29 
CSCO,6/18/2021,$52.07 ,35758260,$52.81 ,$52.84 ,$51.88 
CSCO,6/17/2021,$53.13 ,18288400,$53.41 ,$53.55 ,$53.01 
CSCO,6/16/2021,$53.47 ,15477900,$53.85 ,$53.92 ,$53.13 
CSCO,6/15/2021,$53.79 ,12542570,$54.23 ,$54.32 ,$53.73 
CSCO,6/14/2021,$54.17 ,15131360,$54.39 ,$54.53 ,$53.53 
CSCO,6/11/2021,$54.77 ,17134050,$55.19 ,$55.35 ,$54.54 
CSCO,6/10/2021,$55.03 ,22183540,$54.43 ,$55.08 ,$54.27 
CSCO,6/9/2021,$54.02 ,14861230,$54.18 ,$54.42 ,$53.94 
CSCO,6/8/2021,$54.13 ,15329690,$53.97 ,$54.39 ,$53.89 
CSCO,6/7/2021,$53.92 ,14899750,$54.32 ,$54.44 ,$53.79 
CSCO,6/4/2021,$54.07 ,11676700,$53.44 ,$54.17 ,$53.44 
CSCO,6/3/2021,$53.33 ,17593100,$52.80 ,$53.56 ,$52.62 
CSCO,6/2/2021,$52.96 ,14529320,$52.65 ,$52.99 ,$52.40 
CSCO,6/1/2021,$52.62 ,15741980,$52.96 ,$53.32 ,$52.43 
CSCO,5/28/2021,$52.90 ,14864350,$53.18 ,$53.22 ,$52.84 
CSCO,5/27/2021,$52.92 ,56216070,$52.93 ,$53.35 ,$52.58 
CSCO,5/26/2021,$52.91 ,18671190,$53.35 ,$53.61 ,$52.82 
CSCO,5/25/2021,$53.31 ,20657180,$53.37 ,$53.58 ,$53.14 
CSCO,5/24/2021,$53.39 ,21128860,$52.96 ,$53.77 ,$52.79 
CSCO,5/21/2021,$52.43 ,24468370,$52.77 ,$52.93 ,$52.24 
CSCO,5/20/2021,$52.85 ,48830760,$50.41 ,$52.97 ,$50.10 
CSCO,5/19/2021,$52.47 ,29187940,$51.88 ,$52.66 ,$51.86 
CSCO,5/18/2021,$52.93 ,20177200,$52.80 ,$53.34 ,$52.74 
CSCO,5/17/2021,$52.94 ,15728680,$52.76 ,$53.15 ,$52.68 
CSCO,5/14/2021,$52.90 ,14789380,$52.93 ,$53.22 ,$52.60 
CSCO,5/13/2021,$52.49 ,15868660,$52.11 ,$52.81 ,$51.88 
CSCO,5/12/2021,$51.60 ,22123310,$52.18 ,$52.43 ,$51.47 
CSCO,5/11/2021,$52.83 ,20220910,$53.10 ,$53.11 ,$52.11 
CSCO,5/10/2021,$53.16 ,23845560,$53.97 ,$54.14 ,$53.16 
CSCO,5/7/2021,$53.43 ,24146010,$52.48 ,$53.68 ,$52.22 
CSCO,5/6/2021,$52.44 ,27106820,$51.07 ,$52.71 ,$50.95 
CSCO,5/5/2021,$51.13 ,16205350,$50.99 ,$51.25 ,$50.68 
CSCO,5/4/2021,$50.71 ,18164790,$51.11 ,$51.23 ,$50.30 
CSCO,5/3/2021,$51.17 ,13465910,$51.21 ,$51.40 ,$50.81 
CSCO,4/30/2021,$50.91 ,19930550,$51.22 ,$51.23 ,$50.41 
CSCO,4/29/2021,$51.46 ,13916580,$51.18 ,$51.60 ,$50.98 
CSCO,4/28/2021,$51.11 ,14984040,$51.56 ,$51.77 ,$50.92 
CSCO,4/27/2021,$51.37 ,13600990,$51.58 ,$51.67 ,$51.35 
CSCO,4/26/2021,$51.64 ,13778190,$51.65 ,$51.77 ,$51.50 
CSCO,4/23/2021,$51.91 ,14017740,$51.50 ,$52.13 ,$51.18 
CSCO,4/22/2021,$51.50 ,15564760,$51.81 ,$52.09 ,$51.38 
CSCO,4/21/2021,$51.93 ,14015530,$51.84 ,$52.07 ,$51.48 
CSCO,4/20/2021,$51.79 ,21257480,$52.59 ,$52.79 ,$51.60 
CSCO,4/19/2021,$52.85 ,20245610,$52.53 ,$52.96 ,$52.49 
CSCO,4/16/2021,$52.80 ,28327910,$52.45 ,$53.18 ,$52.26 
CSCO,4/15/2021,$51.64 ,17869820,$51.76 ,$51.94 ,$51.37 
CSCO,4/14/2021,$51.37 ,15376590,$51.51 ,$51.68 ,$51.14 
CSCO,4/13/2021,$51.66 ,13353170,$51.64 ,$51.88 ,$51.34 
CSCO,4/12/2021,$51.57 ,16441730,$52.07 ,$52.16 ,$51.47 
CSCO,4/9/2021,$52.09 ,13135750,$51.83 ,$52.15 ,$51.68 
CSCO,4/8/2021,$51.91 ,15111250,$51.94 ,$52.00 ,$51.45 
CSCO,4/7/2021,$51.77 ,15783650,$52.01 ,$52.14 ,$51.58 
CSCO,4/6/2021,$52.03 ,15126110,$51.98 ,$52.22 ,$51.78 
CSCO,4/5/2021,$52.41 ,19860910,$51.63 ,$52.92 ,$51.63 
CSCO,4/1/2021,$51.98 ,17896170,$51.75 ,$52.07 ,$51.35 
CSCO,3/31/2021,$51.71 ,22212380,$51.83 ,$52.05 ,$51.55 
CSCO,3/30/2021,$51.77 ,22465100,$52.11 ,$52.29 ,$51.18 
CSCO,3/29/2021,$52.52 ,25032760,$52.40 ,$52.94 ,$52.28 
CSCO,3/26/2021,$52.57 ,31996950,$50.60 ,$52.64 ,$50.56 
CSCO,3/25/2021,$50.51 ,34537720,$50.58 ,$51.40 ,$50.29 
CSCO,3/24/2021,$49.65 ,26444740,$49.94 ,$50.45 ,$49.62 
CSCO,3/23/2021,$50.01 ,28328170,$50.02 ,$50.68 ,$49.90 
CSCO,3/22/2021,$50.30 ,28813880,$48.94 ,$50.38 ,$48.94 
CSCO,3/19/2021,$48.98 ,65366840,$48.71 ,$49.22 ,$48.32 
CSCO,3/18/2021,$48.80 ,18417640,$48.52 ,$49.57 ,$48.52 
CSCO,3/17/2021,$49.42 ,18326920,$49.61 ,$49.61 ,$48.89 
CSCO,3/16/2021,$49.67 ,17282260,$49.19 ,$49.74 ,$49.19 
CSCO,3/15/2021,$49.41 ,15526110,$48.90 ,$49.44 ,$48.90 
CSCO,3/12/2021,$48.82 ,15196530,$48.81 ,$48.99 ,$48.47 
CSCO,3/11/2021,$48.80 ,21976560,$48.51 ,$49.08 ,$48.23 
CSCO,3/10/2021,$48.29 ,19841510,$48.47 ,$48.79 ,$48.19 
CSCO,3/9/2021,$47.89 ,26512660,$47.82 ,$48.37 ,$47.72 
CSCO,3/8/2021,$47.51 ,34824530,$46.24 ,$48.40 ,$46.20 
CSCO,3/5/2021,$46.25 ,33197580,$45.45 ,$46.74 ,$45.27 
CSCO,3/4/2021,$44.56 ,24653500,$45.14 ,$45.47 ,$44.15 
CSCO,3/3/2021,$45.13 ,16851130,$45.43 ,$45.53 ,$45.00 
CSCO,3/2/2021,$45.52 ,14832970,$45.93 ,$46.08 ,$45.42 
CSCO,3/1/2021,$45.92 ,17396070,$45.22 ,$46.22 ,$45.22 
CSCO,2/26/2021,$44.87 ,22144950,$45.58 ,$45.78 ,$44.76 
CSCO,2/25/2021,$45.52 ,21916720,$45.59 ,$46.24 ,$45.24 
CSCO,2/24/2021,$45.74 ,17823650,$45.24 ,$45.80 ,$45.04 
CSCO,2/23/2021,$45.51 ,19714930,$45.26 ,$45.78 ,$45.10 
CSCO,2/22/2021,$45.43 ,21435790,$45.29 ,$45.68 ,$44.82 
CSCO,2/19/2021,$45.68 ,25117700,$46.54 ,$46.61 ,$45.58 
CSCO,2/18/2021,$46.34 ,16867520,$46.39 ,$46.40 ,$45.69 
CSCO,2/17/2021,$46.25 ,13301380,$46.32 ,$46.40 ,$45.87 
CSCO,2/16/2021,$46.51 ,18539030,$47.26 ,$47.26 ,$46.40 
CSCO,2/12/2021,$47.29 ,15239820,$47.43 ,$47.69 ,$46.91 
CSCO,2/11/2021,$47.58 ,18589910,$47.35 ,$47.91 ,$47.20 
CSCO,2/10/2021,$47.24 ,44540880,$46.15 ,$47.41 ,$45.83 
CSCO,2/9/2021,$48.50 ,24795020,$48.77 ,$48.83 ,$48.41 
CSCO,2/8/2021,$48.94 ,25215440,$48.56 ,$49.34 ,$48.56 
CSCO,2/5/2021,$48.08 ,25488560,$47.57 ,$48.34 ,$47.50 
CSCO,2/4/2021,$47.25 ,22285660,$45.87 ,$47.32 ,$45.77 
CSCO,2/3/2021,$45.77 ,13173640,$45.75 ,$46.16 ,$45.54 
CSCO,2/2/2021,$45.83 ,16520930,$45.52 ,$45.94 ,$45.43 
CSCO,2/1/2021,$45.40 ,16776850,$44.92 ,$45.63 ,$44.66 
CSCO,1/29/2021,$44.58 ,22608100,$44.85 ,$45.37 ,$44.48 
CSCO,1/28/2021,$45.34 ,21166030,$45.91 ,$46.27 ,$45.30 
CSCO,1/27/2021,$45.70 ,29634490,$45.24 ,$46.46 ,$45.08 
CSCO,1/26/2021,$45.26 ,13087750,$44.89 ,$45.35 ,$44.77 
CSCO,1/25/2021,$45.03 ,16581260,$45.04 ,$45.17 ,$44.71 
CSCO,1/22/2021,$44.77 ,14643420,$44.75 ,$44.89 ,$44.23 
CSCO,1/21/2021,$45.11 ,17495890,$45.20 ,$45.24 ,$44.72 
CSCO,1/20/2021,$45.34 ,16499410,$45.33 ,$45.50 ,$45.14 
CSCO,1/19/2021,$45.19 ,28868850,$45.33 ,$45.63 ,$44.77 
CSCO,1/15/2021,$45.43 ,30271670,$44.96 ,$45.65 ,$44.88 
CSCO,1/14/2021,$45.15 ,22333480,$44.87 ,$45.60 ,$44.85 
CSCO,1/13/2021,$45.36 ,19367270,$45.29 ,$45.97 ,$45.18 
CSCO,1/12/2021,$45.79 ,20145040,$45.30 ,$45.93 ,$44.96 
CSCO,1/11/2021,$45.36 ,25062260,$45.15 ,$45.95 ,$45.02 
CSCO,1/8/2021,$45.06 ,20936280,$44.48 ,$45.41 ,$44.25 
CSCO,1/7/2021,$44.96 ,18218760,$44.20 ,$45.11 ,$44.17 
CSCO,1/6/2021,$44.40 ,21823110,$44.13 ,$44.87 ,$43.89 
CSCO,1/5/2021,$43.98 ,17763660,$43.68 ,$44.07 ,$43.38 
CSCO,1/4/2021,$43.96 ,24392540,$44.31 ,$44.37 ,$43.35 
CSCO,12/31/2020,$44.75 ,15105480,$44.38 ,$44.84 ,$44.16 
CSCO,12/30/2020,$44.48 ,11043110,$44.74 ,$45.06 ,$44.44 
CSCO,12/29/2020,$44.64 ,11828960,$44.97 ,$45.25 ,$44.53 
CSCO,12/28/2020,$44.92 ,13458430,$44.93 ,$45.34 ,$44.72 
CSCO,12/24/2020,$44.54 ,5720538,$44.45 ,$44.59 ,$44.23 
CSCO,12/23/2020,$44.38 ,12032640,$44.65 ,$44.80 ,$44.35 
CSCO,12/22/2020,$44.69 ,16031550,$44.44 ,$45.07 ,$44.44 
CSCO,12/21/2020,$44.88 ,19865300,$44.47 ,$44.96 ,$44.07 
CSCO,12/18/2020,$45.44 ,41026970,$44.90 ,$45.57 ,$44.77 
CSCO,12/17/2020,$44.82 ,16141600,$44.91 ,$44.93 ,$44.60 
CSCO,12/16/2020,$44.72 ,16191980,$44.70 ,$45.14 ,$44.53 
CSCO,12/15/2020,$44.72 ,18165250,$44.39 ,$44.80 ,$44.14 
CSCO,12/14/2020,$44.24 ,16112330,$44.27 ,$44.91 ,$44.15 
CSCO,12/11/2020,$44.32 ,14577710,$43.94 ,$44.33 ,$43.72 
CSCO,12/10/2020,$44.32 ,17741490,$44.54 ,$44.61 ,$44.11 
CSCO,12/9/2020,$44.69 ,22679750,$44.47 ,$44.83 ,$44.36 
CSCO,12/8/2020,$44.37 ,13348460,$44.21 ,$44.53 ,$43.93 
CSCO,12/7/2020,$44.35 ,14086830,$44.29 ,$44.49 ,$43.91 
CSCO,12/4/2020,$44.38 ,17319800,$43.89 ,$44.51 ,$43.89 
CSCO,12/3/2020,$44.11 ,27710710,$43.78 ,$44.14 ,$43.60 
CSCO,12/2/2020,$43.89 ,17422160,$43.39 ,$43.96 ,$43.35 
CSCO,12/1/2020,$43.54 ,23948790,$43.01 ,$44.07 ,$43.01 
CSCO,11/30/2020,$43.02 ,34741650,$42.44 ,$43.05 ,$42.41 
CSCO,11/27/2020,$42.70 ,10769520,$42.86 ,$42.98 ,$42.64 
CSCO,11/25/2020,$42.50 ,22617660,$42.78 ,$42.80 ,$42.21 
CSCO,11/24/2020,$42.61 ,22849730,$42.14 ,$42.71 ,$41.90 
CSCO,11/23/2020,$41.64 ,19656680,$41.03 ,$41.80 ,$41.02 
CSCO,11/20/2020,$40.97 ,19778950,$41.05 ,$41.39 ,$40.92 
CSCO,11/19/2020,$41.17 ,22177710,$41.00 ,$41.37 ,$40.77 
CSCO,11/18/2020,$41.32 ,21327710,$41.90 ,$42.24 ,$41.26 
CSCO,11/17/2020,$41.88 ,23140910,$41.92 ,$42.35 ,$41.62 
CSCO,11/16/2020,$42.54 ,34572650,$41.74 ,$42.59 ,$41.35 
CSCO,11/13/2020,$41.40 ,49120100,$41.20 ,$41.52 ,$40.56 
CSCO,11/12/2020,$38.67 ,29543620,$38.98 ,$39.39 ,$38.40 
CSCO,11/11/2020,$39.33 ,27332810,$39.01 ,$39.45 ,$38.44 
CSCO,11/10/2020,$38.72 ,31514510,$38.21 ,$39.03 ,$38.17 
CSCO,11/9/2020,$38.20 ,42649540,$39.92 ,$40.23 ,$38.12 
CSCO,11/6/2020,$37.53 ,19475290,$37.56 ,$37.60 ,$37.08 
CSCO,11/5/2020,$37.23 ,23149700,$37.02 ,$37.30 ,$36.91 
CSCO,11/4/2020,$36.57 ,30121920,$37.03 ,$37.30 ,$36.50 
CSCO,11/3/2020,$36.68 ,27342890,$36.36 ,$37.33 ,$36.30 
CSCO,11/2/2020,$35.90 ,23483100,$36.19 ,$36.35 ,$35.67 
CSCO,10/30/2020,$35.90 ,29159660,$35.60 ,$35.93 ,$35.49 
CSCO,10/29/2020,$35.69 ,35331970,$35.51 ,$36.07 ,$35.28 
CSCO,10/28/2020,$35.71 ,34561490,$36.32 ,$36.51 ,$35.68 
CSCO,10/27/2020,$36.87 ,37911470,$37.38 ,$37.50 ,$36.59 
CSCO,10/26/2020,$37.67 ,29146550,$38.40 ,$38.43 ,$37.15 
CSCO,10/23/2020,$38.82 ,15556080,$38.93 ,$38.97 ,$38.65 
CSCO,10/22/2020,$38.82 ,20399040,$38.85 ,$38.96 ,$38.38 
CSCO,10/21/2020,$39.06 ,17016270,$39.31 ,$39.57 ,$38.98 
CSCO,10/20/2020,$39.20 ,16564890,$39.44 ,$39.51 ,$39.03 
CSCO,10/19/2020,$39.30 ,19600470,$40.15 ,$40.38 ,$39.16 
CSCO,10/16/2020,$40.16 ,21295120,$39.88 ,$40.30 ,$39.55 
CSCO,10/15/2020,$39.97 ,15456970,$39.47 ,$40.00 ,$39.35 
CSCO,10/14/2020,$39.89 ,16444690,$39.85 ,$40.42 ,$39.76 
CSCO,10/13/2020,$39.81 ,23438270,$40.54 ,$40.61 ,$39.71 
CSCO,10/12/2020,$40.36 ,22757250,$39.93 ,$40.53 ,$39.63 
CSCO,10/9/2020,$39.85 ,16167470,$40.15 ,$40.23 ,$39.72 
CSCO,10/8/2020,$39.79 ,19031350,$39.80 ,$40.18 ,$39.66 
CSCO,10/7/2020,$39.40 ,20593710,$38.98 ,$39.58 ,$38.78 
CSCO,10/6/2020,$38.57 ,28430810,$38.50 ,$39.35 ,$38.40 
CSCO,10/5/2020,$38.57 ,26929050,$38.48 ,$38.79 ,$38.29 
CSCO,10/2/2020,$38.27 ,24492960,$38.05 ,$38.55 ,$37.97 
CSCO,10/1/2020,$38.80 ,20763540,$39.10 ,$39.31 ,$38.57 
CSCO,9/30/2020,$39.39 ,27113200,$39.09 ,$39.70 ,$39.02 
CSCO,9/29/2020,$39.06 ,16476890,$39.07 ,$39.38 ,$38.83 
CSCO,9/28/2020,$39.13 ,24275700,$39.20 ,$39.29 ,$38.79 
CSCO,9/25/2020,$38.45 ,22966650,$37.76 ,$38.54 ,$37.62 
CSCO,9/24/2020,$37.85 ,30910350,$38.00 ,$38.16 ,$37.60 
CSCO,9/23/2020,$38.28 ,24843240,$39.23 ,$39.39 ,$38.18 
CSCO,9/22/2020,$39.32 ,17656820,$39.18 ,$39.46 ,$38.88 
CSCO,9/21/2020,$39.04 ,28494970,$39.31 ,$39.47 ,$38.69 
CSCO,9/18/2020,$39.81 ,44450760,$40.18 ,$40.32 ,$39.58 
CSCO,9/17/2020,$40.37 ,22225920,$39.66 ,$40.40 ,$39.51 
CSCO,9/16/2020,$40.42 ,24322450,$40.72 ,$41.17 ,$40.39 
CSCO,9/15/2020,$40.60 ,19024100,$40.51 ,$40.84 ,$40.38 
CSCO,9/14/2020,$40.37 ,19866720,$40.22 ,$40.64 ,$40.05 
CSCO,9/11/2020,$39.88 ,21852960,$39.77 ,$40.05 ,$39.52 
CSCO,9/10/2020,$39.57 ,25108750,$40.03 ,$40.64 ,$39.42 
CSCO,9/9/2020,$40.13 ,23351620,$40.10 ,$40.48 ,$39.72 
CSCO,9/8/2020,$40.00 ,29101790,$40.05 ,$40.61 ,$39.97 
CSCO,9/4/2020,$40.82 ,34867420,$41.20 ,$41.43 ,$40.44 
CSCO,9/3/2020,$40.95 ,39288120,$41.75 ,$41.83 ,$40.67 
CSCO,9/2/2020,$42.42 ,30045680,$42.04 ,$42.69 ,$42.03 
CSCO,9/1/2020,$42.03 ,23344890,$42.00 ,$42.07 ,$41.50 
CSCO,8/31/2020,$42.22 ,21297990,$42.10 ,$42.35 ,$41.94 
CSCO,8/28/2020,$42.20 ,16573580,$42.14 ,$42.30 ,$42.00 
CSCO,8/27/2020,$42.29 ,22456770,$42.40 ,$42.47 ,$42.02 
CSCO,8/26/2020,$42.25 ,21625830,$41.65 ,$42.28 ,$41.45 
CSCO,8/25/2020,$41.96 ,15417360,$42.23 ,$42.30 ,$41.78 
CSCO,8/24/2020,$42.18 ,17742930,$42.07 ,$42.47 ,$42.00 
CSCO,8/21/2020,$42.25 ,17389560,$42.05 ,$42.30 ,$41.81 
CSCO,8/20/2020,$42.31 ,18443880,$41.87 ,$42.42 ,$41.73 
CSCO,8/19/2020,$41.87 ,20097420,$42.10 ,$42.35 ,$41.78 
CSCO,8/18/2020,$41.98 ,23344590,$42.13 ,$42.29 ,$41.81 
CSCO,8/17/2020,$42.09 ,30511750,$42.55 ,$42.76 ,$41.86 
CSCO,8/14/2020,$42.50 ,32539450,$42.49 ,$42.88 ,$42.27 
CSCO,8/13/2020,$42.72 ,91849460,$43.79 ,$43.84 ,$42.38 
CSCO,8/12/2020,$48.10 ,27023680,$47.28 ,$48.13 ,$47.27 
CSCO,8/11/2020,$47.19 ,18859630,$47.90 ,$48.45 ,$47.09 
CSCO,8/10/2020,$47.73 ,14999190,$47.16 ,$48.00 ,$47.16 
CSCO,8/7/2020,$47.43 ,17054310,$47.33 ,$47.60 ,$47.03 
CSCO,8/6/2020,$47.77 ,14190870,$47.23 ,$47.83 ,$47.10 
CSCO,8/5/2020,$47.33 ,13077570,$47.67 ,$47.73 ,$47.05 
CSCO,8/4/2020,$47.67 ,12839490,$47.01 ,$47.67 ,$46.91 
CSCO,8/3/2020,$47.16 ,14142520,$47.14 ,$47.36 ,$46.68 
CSCO,7/31/2020,$47.10 ,17706370,$46.39 ,$47.11 ,$45.86 
CSCO,7/30/2020,$46.44 ,15385150,$46.13 ,$46.46 ,$45.38 
CSCO,7/29/2020,$46.71 ,11618230,$46.40 ,$46.88 ,$46.37 
CSCO,7/28/2020,$46.28 ,13975260,$46.98 ,$47.08 ,$46.21 
CSCO,7/27/2020,$47.19 ,15575960,$46.66 ,$47.26 ,$46.15 
CSCO,7/24/2020,$46.40 ,16983630,$47.49 ,$47.64 ,$46.11 
CSCO,7/23/2020,$47.41 ,23750220,$46.98 ,$47.70 ,$46.68 
CSCO,7/22/2020,$46.90 ,27218260,$47.02 ,$47.11 ,$46.53 
CSCO,7/21/2020,$47.02 ,16074740,$47.28 ,$47.33 ,$46.85 
CSCO,7/20/2020,$46.97 ,15966490,$46.67 ,$47.10 ,$46.26 
CSCO,7/17/2020,$46.75 ,20389740,$46.04 ,$46.93 ,$45.88 
CSCO,7/16/2020,$45.78 ,17709450,$45.70 ,$45.83 ,$45.20 
CSCO,7/15/2020,$46.40 ,15704960,$46.50 ,$46.83 ,$45.99 
CSCO,7/14/2020,$46.26 ,19303460,$45.49 ,$46.50 ,$45.41 
CSCO,7/13/2020,$45.93 ,17965550,$46.87 ,$46.99 ,$45.78 
CSCO,7/10/2020,$46.66 ,13775700,$46.73 ,$46.92 ,$46.24 
CSCO,7/9/2020,$46.70 ,26027690,$46.60 ,$47.20 ,$46.22 
CSCO,7/8/2020,$45.81 ,15020770,$45.59 ,$46.07 ,$45.32 
CSCO,7/7/2020,$45.63 ,17102840,$46.12 ,$46.29 ,$45.56 
CSCO,7/6/2020,$46.42 ,16152860,$46.07 ,$46.49 ,$45.87 
CSCO,7/2/2020,$45.63 ,19631980,$46.07 ,$46.22 ,$45.48 
CSCO,7/1/2020,$46.06 ,17129460,$46.54 ,$46.72 ,$46.00 
CSCO,6/30/2020,$46.64 ,21888830,$46.15 ,$47.01 ,$46.10 
CSCO,6/29/2020,$46.15 ,23875410,$46.34 ,$46.45 ,$45.67 
CSCO,6/26/2020,$46.31 ,106928300,$45.12 ,$46.51 ,$44.63 
CSCO,6/25/2020,$45.22 ,19114870,$44.77 ,$45.32 ,$44.20 
CSCO,6/24/2020,$44.75 ,22840140,$45.29 ,$45.47 ,$44.39 
CSCO,6/23/2020,$45.47 ,23222360,$45.92 ,$46.15 ,$45.32 
CSCO,6/22/2020,$45.16 ,18398600,$45.11 ,$45.46 ,$44.81 
CSCO,6/19/2020,$45.32 ,36103240,$46.26 ,$46.51 ,$45.05 
CSCO,6/18/2020,$45.83 ,22423460,$45.79 ,$46.05 ,$45.35 
CSCO,6/17/2020,$46.17 ,20399080,$46.75 ,$46.82 ,$45.90 
CSCO,6/16/2020,$46.48 ,28074580,$47.41 ,$47.49 ,$45.91 
CSCO,6/15/2020,$45.35 ,21300100,$44.12 ,$45.76 ,$43.93 
CSCO,6/12/2020,$45.07 ,26125550,$44.96 ,$45.86 ,$44.11 
CSCO,6/11/2020,$43.67 ,35582020,$46.99 ,$47.00 ,$43.64 
CSCO,6/10/2020,$47.42 ,18462380,$47.66 ,$47.83 ,$47.12 
CSCO,6/9/2020,$48.05 ,18597270,$48.02 ,$48.24 ,$47.49 
CSCO,6/8/2020,$48.13 ,17820920,$47.46 ,$48.16 ,$47.12 
CSCO,6/5/2020,$47.83 ,22591050,$47.27 ,$48.29 ,$47.20 
CSCO,6/4/2020,$46.86 ,14100660,$46.77 ,$47.25 ,$46.53 
CSCO,6/3/2020,$46.94 ,17491950,$46.98 ,$47.20 ,$46.54 
CSCO,6/2/2020,$46.89 ,17285950,$46.40 ,$46.90 ,$45.88 
CSCO,6/1/2020,$46.30 ,18730620,$47.15 ,$47.29 ,$46.23 
CSCO,5/29/2020,$47.82 ,43570370,$46.04 ,$47.82 ,$45.41 
CSCO,5/28/2020,$45.60 ,20027750,$45.90 ,$46.46 ,$45.37 
CSCO,5/27/2020,$45.96 ,22157160,$45.04 ,$45.98 ,$44.80 
CSCO,5/26/2020,$44.84 ,21776880,$45.78 ,$45.80 ,$44.68 
CSCO,5/22/2020,$44.90 ,12592810,$44.67 ,$44.95 ,$44.12 
CSCO,5/21/2020,$44.64 ,18674890,$45.45 ,$45.66 ,$44.56 
CSCO,5/20/2020,$45.44 ,20184460,$45.05 ,$45.82 ,$45.03 
CSCO,5/19/2020,$44.61 ,24345420,$44.83 ,$44.98 ,$44.41 
CSCO,5/18/2020,$45.06 ,26980080,$45.21 ,$45.30 ,$44.33 
CSCO,5/15/2020,$44.27 ,30573030,$42.93 ,$44.38 ,$42.85 
CSCO,5/14/2020,$43.85 ,50417740,$43.43 ,$44.58 ,$43.26 
CSCO,5/13/2020,$41.95 ,36986700,$43.41 ,$43.57 ,$41.31 
CSCO,5/12/2020,$43.22 ,25817070,$43.94 ,$44.30 ,$43.19 
CSCO,5/11/2020,$43.32 ,26182690,$42.78 ,$43.65 ,$42.61 
CSCO,5/8/2020,$42.99 ,21962830,$42.02 ,$43.02 ,$41.70 
CSCO,5/7/2020,$41.37 ,20173640,$41.59 ,$41.77 ,$41.22 
CSCO,5/6/2020,$41.15 ,16040350,$41.56 ,$41.69 ,$40.97 
CSCO,5/5/2020,$41.46 ,15060220,$41.61 ,$41.93 ,$41.39 
CSCO,5/4/2020,$41.35 ,15997720,$40.96 ,$41.41 ,$40.49 
CSCO,5/1/2020,$40.92 ,22095260,$41.72 ,$41.81 ,$40.77 
CSCO,4/30/2020,$42.38 ,26679920,$43.17 ,$43.17 ,$42.17 
CSCO,4/29/2020,$43.34 ,17430130,$43.35 ,$43.48 ,$42.93 
CSCO,4/28/2020,$42.49 ,16427730,$43.50 ,$43.63 ,$42.41 
CSCO,4/27/2020,$43.06 ,17937890,$42.70 ,$43.22 ,$42.58 
CSCO,4/24/2020,$42.52 ,14641720,$41.84 ,$42.66 ,$41.65 
CSCO,4/23/2020,$41.62 ,16100170,$41.89 ,$42.55 ,$41.53 
CSCO,4/22/2020,$41.76 ,18337410,$41.27 ,$42.09 ,$41.11 
CSCO,4/21/2020,$40.55 ,31661040,$41.83 ,$41.99 ,$40.41 
CSCO,4/20/2020,$42.54 ,23438040,$41.92 ,$43.29 ,$41.79 
CSCO,4/17/2020,$42.48 ,30701460,$42.25 ,$42.64 ,$41.74 
CSCO,4/16/2020,$41.50 ,26177970,$41.76 ,$41.79 ,$40.68 
CSCO,4/15/2020,$41.52 ,18428790,$42.20 ,$42.37 ,$41.23 
CSCO,4/14/2020,$42.78 ,22882370,$41.91 ,$42.82 ,$41.53 
CSCO,4/13/2020,$41.22 ,19591970,$41.04 ,$41.46 ,$40.53 
CSCO,4/9/2020,$41.20 ,27650200,$42.09 ,$42.20 ,$40.85 
CSCO,4/8/2020,$41.74 ,22683520,$41.17 ,$42.20 ,$40.87 
CSCO,4/7/2020,$40.64 ,30366070,$42.66 ,$42.74 ,$40.59 
CSCO,4/6/2020,$41.43 ,31641430,$40.46 ,$41.68 ,$39.78 
CSCO,4/3/2020,$39.06 ,21235160,$39.82 ,$40.29 ,$38.54 
CSCO,4/2/2020,$39.80 ,28180490,$37.84 ,$39.95 ,$37.47 
CSCO,4/1/2020,$38.33 ,26790670,$38.17 ,$38.86 ,$37.87 
CSCO,3/31/2020,$39.31 ,26019850,$40.13 ,$40.42 ,$39.11 
CSCO,3/30/2020,$40.32 ,27120330,$39.45 ,$40.49 ,$38.96 
CSCO,3/27/2020,$38.82 ,31278580,$39.21 ,$40.15 ,$38.41 
CSCO,3/26/2020,$40.58 ,38487230,$37.97 ,$40.92 ,$37.37 
CSCO,3/25/2020,$37.67 ,42873920,$38.65 ,$39.95 ,$37.50 
CSCO,3/24/2020,$38.60 ,48235610,$36.41 ,$38.68 ,$35.54 
CSCO,3/23/2020,$34.60 ,39823400,$35.51 ,$35.82 ,$33.74 
CSCO,3/20/2020,$35.60 ,48582550,$38.27 ,$38.47 ,$35.40 
CSCO,3/19/2020,$37.71 ,58319650,$37.05 ,$39.32 ,$36.15 
CSCO,3/18/2020,$37.12 ,56904270,$33.76 ,$37.71 ,$33.31 
CSCO,3/17/2020,$35.50 ,41572400,$34.70 ,$36.25 ,$33.60 
CSCO,3/16/2020,$33.71 ,44211290,$33.23 ,$36.99 ,$32.40 
CSCO,3/13/2020,$37.64 ,53859600,$35.18 ,$37.68 ,$33.33 
CSCO,3/12/2020,$33.20 ,51855310,$34.50 ,$35.82 ,$33.00 
CSCO,3/11/2020,$37.05 ,63608530,$39.02 ,$39.16 ,$36.37 
CSCO,3/10/2020,$40.08 ,50536520,$39.25 ,$40.15 ,$37.87 
CSCO,3/9/2020,$37.96 ,61535330,$36.90 ,$39.56 ,$36.29 
CSCO,3/6/2020,$39.68 ,48605590,$38.00 ,$39.95 ,$37.80 
CSCO,3/5/2020,$39.57 ,30255900,$40.17 ,$40.51 ,$39.29 
CSCO,3/4/2020,$41.39 ,30022090,$40.72 ,$41.45 ,$39.80 
CSCO,3/3/2020,$40.04 ,49294740,$41.26 ,$41.90 ,$39.71 
CSCO,3/2/2020,$41.17 ,48864270,$40.15 ,$41.19 ,$38.92 
CSCO,2/28/2020,$39.93 ,80194000,$38.70 ,$40.55 ,$38.35 
CSCO,2/27/2020,$40.04 ,51442850,$41.28 ,$42.10 ,$40.01 
CSCO,2/26/2020,$42.16 ,38528930,$42.97 ,$43.38 ,$41.94 
CSCO,2/25/2020,$42.74 ,48024750,$44.05 ,$44.21 ,$42.07 
CSCO,2/24/2020,$44.00 ,35295920,$45.00 ,$45.68 ,$44.00 
CSCO,2/21/2020,$46.30 ,20031420,$46.73 ,$46.85 ,$46.05 
CSCO,2/20/2020,$46.85 ,20416660,$46.09 ,$46.96 ,$45.90 
CSCO,2/19/2020,$46.29 ,27626380,$46.69 ,$46.81 ,$45.90 
CSCO,2/18/2020,$46.59 ,18550360,$46.82 ,$46.85 ,$46.29 
CSCO,2/14/2020,$46.97 ,26747250,$47.16 ,$47.22 ,$46.48 
CSCO,2/13/2020,$47.32 ,47044720,$47.15 ,$47.67 ,$46.58 
CSCO,2/12/2020,$49.93 ,31686170,$49.43 ,$50.28 ,$49.40 
CSCO,2/11/2020,$49.13 ,23168270,$49.39 ,$49.71 ,$48.86 
CSCO,2/10/2020,$48.87 ,19012720,$47.99 ,$48.89 ,$47.88 
CSCO,2/7/2020,$47.97 ,16807740,$48.60 ,$48.77 ,$47.87 
CSCO,2/6/2020,$48.69 ,9814844,$48.69 ,$48.82 ,$48.22 
CSCO,2/5/2020,$48.45 ,17042330,$48.33 ,$48.60 ,$48.15 
CSCO,2/4/2020,$47.62 ,13947270,$47.22 ,$47.71 ,$47.11 
CSCO,2/3/2020,$46.53 ,15383530,$46.40 ,$46.83 ,$46.21 
CSCO,1/31/2020,$45.97 ,20069930,$46.99 ,$47.00 ,$45.84 
CSCO,1/30/2020,$47.24 ,14822580,$46.54 ,$47.27 ,$46.26 
CSCO,1/29/2020,$47.05 ,14289780,$47.97 ,$47.98 ,$46.93 
CSCO,1/28/2020,$47.77 ,14035050,$47.52 ,$47.97 ,$47.50 
CSCO,1/27/2020,$47.47 ,20665990,$47.89 ,$48.07 ,$47.27 
CSCO,1/24/2020,$48.85 ,14066910,$49.22 ,$49.48 ,$48.54 
CSCO,1/23/2020,$49.00 ,16767690,$49.00 ,$49.18 ,$48.41 
CSCO,1/22/2020,$49.06 ,15185990,$49.28 ,$49.53 ,$49.04 
CSCO,1/21/2020,$48.80 ,21771750,$48.96 ,$49.20 ,$48.67 
CSCO,1/17/2020,$49.02 ,27176170,$49.31 ,$49.54 ,$48.87 
CSCO,1/16/2020,$49.05 ,20094930,$48.38 ,$49.08 ,$48.23 
CSCO,1/15/2020,$48.01 ,16289440,$47.92 ,$48.40 ,$47.76 
CSCO,1/14/2020,$47.79 ,17951760,$47.96 ,$47.99 ,$47.62 
CSCO,1/13/2020,$47.97 ,18243200,$47.31 ,$47.98 ,$47.30 
CSCO,1/10/2020,$47.13 ,13504600,$47.48 ,$47.56 ,$47.06 
CSCO,1/9/2020,$47.32 ,18211200,$47.79 ,$47.88 ,$47.07 
CSCO,1/8/2020,$47.52 ,25181660,$46.97 ,$47.79 ,$46.81 
CSCO,1/7/2020,$47.49 ,16566640,$47.72 ,$47.72 ,$47.10 
CSCO,1/6/2020,$47.80 ,22185270,$47.14 ,$47.82 ,$47.01 
CSCO,1/3/2020,$47.63 ,15587710,$47.91 ,$48.14 ,$47.48 
CSCO,1/2/2020,$48.42 ,16710080,$48.06 ,$48.42 ,$47.88 
CSCO,12/31/2019,$47.96 ,14894740,$47.54 ,$47.98 ,$47.41 
CSCO,12/30/2019,$47.59 ,12129050,$47.75 ,$47.88 ,$47.29 
CSCO,12/27/2019,$47.77 ,11058980,$47.99 ,$48.05 ,$47.68 
CSCO,12/26/2019,$47.85 ,11122020,$47.78 ,$48.00 ,$47.65 
CSCO,12/24/2019,$47.78 ,7044728,$48.16 ,$48.25 ,$47.65 
CSCO,12/23/2019,$48.10 ,20255220,$47.55 ,$48.30 ,$47.42 
CSCO,12/20/2019,$47.45 ,52583720,$48.25 ,$48.37 ,$47.42 
CSCO,12/19/2019,$47.88 ,30768600,$47.15 ,$47.99 ,$47.11 
CSCO,12/18/2019,$46.64 ,21928070,$46.52 ,$46.76 ,$46.25 
CSCO,12/17/2019,$46.44 ,22510490,$46.22 ,$46.52 ,$45.93 
CSCO,12/16/2019,$45.98 ,21875700,$45.80 ,$46.59 ,$45.80 
CSCO,12/13/2019,$45.30 ,21801580,$45.91 ,$46.05 ,$45.20 
CSCO,12/12/2019,$45.67 ,27073510,$44.55 ,$45.77 ,$44.41 
CSCO,12/11/2019,$44.28 ,16451400,$44.36 ,$44.45 ,$44.15 
CSCO,12/10/2019,$44.10 ,21863860,$43.85 ,$44.18 ,$43.80 
CSCO,12/9/2019,$43.90 ,17659770,$43.89 ,$44.37 ,$43.75 
CSCO,12/6/2019,$43.84 ,16544120,$43.89 ,$44.06 ,$43.65 
CSCO,12/5/2019,$43.52 ,22637280,$44.05 ,$44.10 ,$43.40 
CSCO,12/4/2019,$43.89 ,17206920,$44.52 ,$44.55 ,$43.86 
CSCO,12/3/2019,$44.28 ,20331670,$44.40 ,$44.49 ,$43.74 
CSCO,12/2/2019,$44.70 ,17647590,$45.25 ,$45.33 ,$44.67 
CSCO,11/29/2019,$45.31 ,9808886,$45.24 ,$45.54 ,$45.15 
CSCO,11/27/2019,$45.24 ,14895010,$45.36 ,$45.42 ,$44.93 
CSCO,11/26/2019,$45.31 ,29424780,$45.53 ,$45.77 ,$45.25 
CSCO,11/25/2019,$45.45 ,19654600,$45.00 ,$45.55 ,$44.93 
CSCO,11/22/2019,$44.85 ,18725690,$45.15 ,$45.17 ,$44.69 
CSCO,11/21/2019,$44.84 ,19868780,$45.13 ,$45.15 ,$44.69 
CSCO,11/20/2019,$45.08 ,18668520,$45.69 ,$45.74 ,$44.93 
CSCO,11/19/2019,$45.47 ,19619580,$45.39 ,$45.60 ,$45.08 
CSCO,11/18/2019,$45.15 ,22746710,$44.98 ,$45.19 ,$44.44 
CSCO,11/15/2019,$45.09 ,32387640,$45.07 ,$45.65 ,$44.81 
CSCO,11/14/2019,$44.91 ,65609860,$45.56 ,$46.00 ,$44.60 
CSCO,11/13/2019,$48.46 ,27250240,$48.24 ,$48.85 ,$48.15 
CSCO,11/12/2019,$48.37 ,15641770,$48.29 ,$48.74 ,$48.12 
CSCO,11/11/2019,$48.10 ,19595430,$48.01 ,$48.47 ,$47.56 
CSCO,11/8/2019,$48.83 ,14414060,$48.42 ,$48.85 ,$48.05 
CSCO,11/7/2019,$48.42 ,16717750,$48.61 ,$48.98 ,$48.20 
CSCO,11/6/2019,$48.27 ,15904470,$47.81 ,$48.50 ,$47.79 
CSCO,11/5/2019,$47.76 ,18988940,$47.59 ,$47.92 ,$47.26 
CSCO,11/4/2019,$47.48 ,15018910,$47.50 ,$47.88 ,$47.32 
CSCO,11/1/2019,$47.03 ,24404130,$46.85 ,$47.49 ,$46.64 
CSCO,10/31/2019,$47.51 ,12488290,$47.60 ,$47.65 ,$47.10 
CSCO,10/30/2019,$47.56 ,12062030,$47.30 ,$47.58 ,$47.16 
CSCO,10/29/2019,$47.24 ,13713940,$47.00 ,$47.43 ,$46.91 
CSCO,10/28/2019,$47.17 ,13859730,$47.15 ,$47.60 ,$47.06 
CSCO,10/25/2019,$46.90 ,15701150,$46.54 ,$46.99 ,$46.46 
CSCO,10/24/2019,$46.41 ,18456390,$47.23 ,$47.23 ,$46.10 
CSCO,10/23/2019,$47.05 ,15680880,$47.47 ,$47.70 ,$46.84 
CSCO,10/22/2019,$47.55 ,15203850,$47.50 ,$47.89 ,$47.40 
CSCO,10/21/2019,$47.39 ,14455710,$47.14 ,$47.48 ,$46.97 
CSCO,10/18/2019,$46.71 ,17227400,$47.10 ,$47.27 ,$46.66 
CSCO,10/17/2019,$47.03 ,14386300,$47.15 ,$47.30 ,$46.60 
CSCO,10/16/2019,$46.79 ,16584360,$46.36 ,$46.88 ,$46.32 
CSCO,10/15/2019,$46.36 ,18806670,$46.25 ,$46.58 ,$46.04 
CSCO,10/14/2019,$46.05 ,15967130,$46.55 ,$46.55 ,$46.00 
CSCO,10/11/2019,$46.56 ,25172220,$46.67 ,$47.30 ,$46.46 
CSCO,10/10/2019,$46.15 ,25016700,$46.05 ,$46.23 ,$45.55 
CSCO,10/9/2019,$46.84 ,16819430,$46.92 ,$47.17 ,$46.66 
CSCO,10/8/2019,$46.39 ,23711970,$47.50 ,$47.54 ,$46.35 
CSCO,10/7/2019,$47.77 ,14937640,$47.47 ,$48.13 ,$47.32 
CSCO,10/4/2019,$47.52 ,16775500,$47.25 ,$47.63 ,$46.95 
CSCO,10/3/2019,$47.06 ,16533120,$46.32 ,$47.08 ,$45.70 
CSCO,10/2/2019,$46.56 ,32061450,$47.35 ,$47.38 ,$46.01 
CSCO,10/1/2019,$47.74 ,24270300,$49.65 ,$49.87 ,$47.36 
CSCO,9/30/2019,$49.41 ,15107110,$48.95 ,$49.66 ,$48.95 
CSCO,9/27/2019,$48.84 ,16065690,$49.00 ,$49.47 ,$48.60 
CSCO,9/26/2019,$48.83 ,20264360,$49.43 ,$49.49 ,$48.26 
CSCO,9/25/2019,$49.61 ,15685240,$49.05 ,$49.77 ,$48.58 
CSCO,9/24/2019,$49.12 ,27127180,$49.75 ,$50.20 ,$48.93 
CSCO,9/23/2019,$49.42 ,19673530,$49.66 ,$49.75 ,$49.28 
CSCO,9/20/2019,$49.60 ,49139600,$49.29 ,$49.87 ,$48.87 
CSCO,9/19/2019,$49.19 ,15433810,$49.35 ,$49.92 ,$49.04 
CSCO,9/18/2019,$49.34 ,12665180,$49.47 ,$49.74 ,$48.78 
CSCO,9/17/2019,$49.41 ,16129130,$49.98 ,$50.02 ,$49.18 
CSCO,9/16/2019,$49.96 ,13025570,$49.80 ,$50.18 ,$49.79 
CSCO,9/13/2019,$50.03 ,15867790,$50.01 ,$50.22 ,$49.76 
CSCO,9/12/2019,$49.93 ,16546700,$50.28 ,$50.30 ,$49.41 
CSCO,9/11/2019,$50.03 ,18655960,$49.95 ,$50.07 ,$49.33 
CSCO,9/10/2019,$49.21 ,16119220,$48.57 ,$49.35 ,$47.95 
CSCO,9/9/2019,$48.58 ,21175060,$48.97 ,$49.01 ,$48.46 
CSCO,9/6/2019,$48.84 ,17939060,$48.65 ,$48.99 ,$48.27 
CSCO,9/5/2019,$48.42 ,18436760,$48.02 ,$48.71 ,$47.78 
CSCO,9/4/2019,$47.32 ,13707390,$47.02 ,$47.41 ,$46.89 
CSCO,9/3/2019,$46.50 ,17010970,$46.63 ,$46.97 ,$46.20 
CSCO,8/30/2019,$46.81 ,19250690,$47.52 ,$47.57 ,$46.55 
CSCO,8/29/2019,$47.27 ,14733680,$47.59 ,$47.91 ,$47.11 
CSCO,8/28/2019,$46.87 ,11193850,$46.53 ,$46.96 ,$46.24 
CSCO,8/27/2019,$46.79 ,20863840,$47.54 ,$47.65 ,$46.69 
CSCO,8/26/2019,$47.10 ,14823800,$47.05 ,$47.27 ,$46.67 
CSCO,8/23/2019,$46.61 ,25882000,$47.90 ,$48.52 ,$46.43 
CSCO,8/22/2019,$48.18 ,21519320,$49.24 ,$49.33 ,$47.94 
CSCO,8/21/2019,$48.77 ,18368660,$48.50 ,$48.93 ,$48.36 
CSCO,8/20/2019,$47.93 ,18204990,$48.54 ,$48.59 ,$47.92 
CSCO,8/19/2019,$48.50 ,26410560,$47.90 ,$48.60 ,$47.49 
CSCO,8/16/2019,$46.96 ,25000250,$46.42 ,$47.36 ,$46.40 
CSCO,8/15/2019,$46.25 ,61385210,$47.36 ,$47.94 ,$46.00 
CSCO,8/14/2019,$50.61 ,30213430,$52.12 ,$52.12 ,$50.13 
CSCO,8/13/2019,$52.72 ,21679100,$51.47 ,$53.07 ,$51.20 
CSCO,8/12/2019,$51.54 ,16388270,$52.27 ,$52.36 ,$51.34 
CSCO,8/9/2019,$52.43 ,17425040,$52.78 ,$52.87 ,$52.04 
CSCO,8/8/2019,$53.16 ,26093470,$52.79 ,$53.36 ,$52.59 
CSCO,8/7/2019,$52.34 ,24128600,$51.83 ,$52.49 ,$51.21 
CSCO,8/6/2019,$52.60 ,20708380,$51.95 ,$52.73 ,$51.60 
CSCO,8/5/2019,$51.37 ,29931800,$52.39 ,$52.54 ,$50.94 
CSCO,8/2/2019,$53.25 ,29021920,$54.22 ,$54.32 ,$52.58 
CSCO,8/1/2019,$55.39 ,19020640,$55.84 ,$56.89 ,$55.16 
CSCO,7/31/2019,$55.40 ,17441210,$56.33 ,$56.83 ,$54.90 
CSCO,7/30/2019,$56.47 ,9623420,$56.85 ,$56.90 ,$56.35 
CSCO,7/29/2019,$56.93 ,12051150,$56.69 ,$57.15 ,$56.54 
CSCO,7/26/2019,$56.53 ,15243020,$56.68 ,$56.84 ,$56.37 
CSCO,7/25/2019,$56.62 ,15127250,$57.36 ,$57.50 ,$56.37 
CSCO,7/24/2019,$57.23 ,18176990,$57.58 ,$57.68 ,$57.11 
CSCO,7/23/2019,$57.71 ,12692210,$58.06 ,$58.10 ,$57.48 
CSCO,7/22/2019,$57.73 ,10485790,$57.46 ,$58.01 ,$57.37 
CSCO,7/19/2019,$57.36 ,13882570,$57.81 ,$58.07 ,$57.32 
CSCO,7/18/2019,$57.74 ,10292940,$57.05 ,$57.79 ,$56.90 
CSCO,7/17/2019,$57.21 ,9266851,$57.57 ,$57.79 ,$57.19 
CSCO,7/16/2019,$57.62 ,11501070,$58.13 ,$58.26 ,$57.46 
CSCO,7/15/2019,$58.05 ,8809738,$58.00 ,$58.23 ,$57.87 
CSCO,7/12/2019,$57.95 ,13660590,$57.58 ,$57.99 ,$57.57 
CSCO,7/11/2019,$57.30 ,15994550,$57.37 ,$57.62 ,$56.92 
CSCO,7/10/2019,$57.13 ,19362570,$56.69 ,$57.65 ,$56.60 
CSCO,7/9/2019,$56.34 ,19564010,$56.37 ,$56.69 ,$56.04 
CSCO,7/8/2019,$56.19 ,15835100,$56.25 ,$56.48 ,$55.96 
CSCO,7/5/2019,$56.60 ,14273870,$56.00 ,$56.73 ,$55.71 
CSCO,7/3/2019,$56.48 ,13866800,$55.77 ,$56.54 ,$55.54 
CSCO,7/2/2019,$55.81 ,20314320,$54.83 ,$55.92 ,$54.78 
CSCO,7/1/2019,$54.74 ,28483970,$55.26 ,$55.35 ,$54.23 
CSCO,6/28/2019,$54.73 ,103123400,$55.91 ,$55.98 ,$54.03 
CSCO,6/27/2019,$55.73 ,23959910,$56.94 ,$57.25 ,$55.47 
CSCO,6/26/2019,$56.60 ,19286150,$56.54 ,$57.05 ,$56.36 
CSCO,6/25/2019,$56.08 ,25520630,$57.06 ,$57.20 ,$56.01 
CSCO,6/24/2019,$57.18 ,17794410,$57.25 ,$57.29 ,$56.69 
CSCO,6/21/2019,$57.03 ,57588750,$57.41 ,$58.15 ,$56.98 
CSCO,6/20/2019,$57.41 ,20969790,$57.00 ,$57.54 ,$56.68 
CSCO,6/19/2019,$56.13 ,21096330,$56.04 ,$56.37 ,$55.77 
CSCO,6/18/2019,$56.05 ,21173210,$56.07 ,$56.65 ,$55.75 
CSCO,6/17/2019,$55.40 ,20392570,$54.99 ,$55.47 ,$54.86 
CSCO,6/14/2019,$54.75 ,22530450,$55.99 ,$56.02 ,$54.66 
CSCO,6/13/2019,$56.17 ,15785280,$55.92 ,$56.27 ,$55.78 
CSCO,6/12/2019,$55.86 ,23183030,$56.05 ,$56.59 ,$55.65 
CSCO,6/11/2019,$57.11 ,26723750,$56.74 ,$57.56 ,$56.73 
CSCO,6/10/2019,$56.42 ,16871200,$56.14 ,$56.65 ,$55.96 
CSCO,6/7/2019,$55.93 ,17394940,$55.41 ,$56.30 ,$55.03 
CSCO,6/6/2019,$55.10 ,15927320,$54.89 ,$55.30 ,$54.21 
CSCO,6/5/2019,$54.75 ,22521860,$53.85 ,$54.79 ,$53.75 
CSCO,6/4/2019,$53.23 ,21689300,$52.48 ,$53.64 ,$52.41 
CSCO,6/3/2019,$51.78 ,22380490,$52.05 ,$52.57 ,$51.49 
CSCO,5/31/2019,$52.03 ,20480450,$52.79 ,$52.88 ,$52.01 
CSCO,5/30/2019,$53.57 ,12954270,$53.44 ,$53.78 ,$53.34 
CSCO,5/29/2019,$53.18 ,19762120,$53.55 ,$53.55 ,$52.86 
CSCO,5/28/2019,$53.93 ,29769160,$54.74 ,$55.03 ,$53.82 
CSCO,5/24/2019,$54.37 ,13057590,$54.57 ,$54.67 ,$54.06 
CSCO,5/23/2019,$54.19 ,22734210,$54.91 ,$55.01 ,$53.94 
CSCO,5/22/2019,$55.69 ,19479170,$56.22 ,$56.30 ,$55.67 
CSCO,5/21/2019,$56.52 ,18562320,$56.68 ,$56.75 ,$56.13 
CSCO,5/20/2019,$56.01 ,21004120,$55.80 ,$56.39 ,$55.55 
CSCO,5/17/2019,$56.35 ,27299350,$55.78 ,$56.83 ,$55.52 
CSCO,5/16/2019,$55.93 ,46057800,$54.27 ,$56.40 ,$54.12 
CSCO,5/15/2019,$52.44 ,30577210,$51.76 ,$52.71 ,$51.69 
CSCO,5/14/2019,$52.02 ,25478280,$51.45 ,$52.44 ,$51.38 
CSCO,5/13/2019,$51.30 ,28869930,$51.83 ,$52.26 ,$51.06 
CSCO,5/10/2019,$53.36 ,21795900,$52.61 ,$53.55 ,$51.95 
CSCO,5/9/2019,$52.92 ,24322800,$52.82 ,$53.21 ,$52.23 
CSCO,5/8/2019,$53.47 ,21525070,$53.17 ,$53.94 ,$53.13 
CSCO,5/7/2019,$53.45 ,25289720,$53.86 ,$54.24 ,$52.94 
CSCO,5/6/2019,$54.59 ,17025890,$53.86 ,$54.76 ,$53.56 
CSCO,5/3/2019,$54.94 ,26887110,$54.64 ,$54.99 ,$54.18 
CSCO,5/2/2019,$54.94 ,24220610,$55.48 ,$55.89 ,$54.82 
CSCO,5/1/2019,$55.58 ,17648490,$56.00 ,$56.35 ,$55.51 
CSCO,4/30/2019,$55.95 ,20398280,$56.00 ,$56.12 ,$55.53 
CSCO,4/29/2019,$56.13 ,15563610,$55.67 ,$56.22 ,$55.55 
CSCO,4/26/2019,$55.88 ,17679540,$56.02 ,$56.37 ,$55.68 
CSCO,4/25/2019,$56.33 ,15393540,$56.46 ,$56.78 ,$56.01 
CSCO,4/24/2019,$56.88 ,12855010,$56.64 ,$57.15 ,$56.58 
CSCO,4/23/2019,$56.69 ,18266180,$56.43 ,$56.70 ,$56.20 
CSCO,4/22/2019,$56.34 ,11949300,$56.16 ,$56.60 ,$56.10 
CSCO,4/18/2019,$56.40 ,17948330,$56.63 ,$56.70 ,$56.11 
CSCO,4/17/2019,$56.31 ,24403980,$57.18 ,$57.32 ,$56.29 
CSCO,4/16/2019,$56.95 ,19712140,$56.62 ,$57.53 ,$56.61 
CSCO,4/15/2019,$56.56 ,12182160,$56.40 ,$56.61 ,$56.24 
CSCO,4/12/2019,$56.29 ,14318480,$55.93 ,$56.36 ,$55.79 
CSCO,4/11/2019,$55.60 ,13165710,$55.93 ,$55.95 ,$55.31 
CSCO,4/10/2019,$55.82 ,13350460,$55.11 ,$55.84 ,$55.11 
CSCO,4/9/2019,$55.18 ,15506220,$55.08 ,$55.42 ,$54.86 
CSCO,4/8/2019,$55.49 ,13857990,$55.20 ,$55.56 ,$54.79 
CSCO,4/5/2019,$55.21 ,13812110,$55.25 ,$55.61 ,$55.13 
CSCO,4/4/2019,$55.14 ,16409860,$55.37 ,$55.68 ,$54.86 
CSCO,4/3/2019,$55.63 ,21105750,$55.46 ,$55.80 ,$55.07 
CSCO,4/2/2019,$55.29 ,17227420,$55.00 ,$55.41 ,$54.97 
CSCO,4/1/2019,$54.98 ,19172040,$54.48 ,$55.02 ,$54.39 
CSCO,3/29/2019,$53.99 ,19567220,$53.70 ,$54.00 ,$53.36 
CSCO,3/28/2019,$53.36 ,13069300,$53.19 ,$53.69 ,$53.02 
CSCO,3/27/2019,$53.14 ,20432340,$53.30 ,$53.66 ,$52.74 
CSCO,3/26/2019,$53.23 ,17493190,$53.19 ,$53.49 ,$53.00 
CSCO,3/25/2019,$52.73 ,15782340,$52.70 ,$52.93 ,$52.25 
CSCO,3/22/2019,$52.74 ,23911520,$53.91 ,$54.14 ,$52.70 
CSCO,3/21/2019,$53.94 ,20058490,$53.08 ,$54.23 ,$53.04 
CSCO,3/20/2019,$53.26 ,21135400,$53.16 ,$53.87 ,$52.86 
CSCO,3/19/2019,$53.31 ,19928250,$53.79 ,$54.00 ,$53.14 
CSCO,3/18/2019,$53.51 ,18965300,$53.27 ,$53.94 ,$53.09 
CSCO,3/15/2019,$53.20 ,43636610,$52.94 ,$53.62 ,$52.93 
CSCO,3/14/2019,$52.74 ,19135330,$52.63 ,$52.96 ,$52.51 
CSCO,3/13/2019,$52.59 ,20218250,$52.41 ,$52.86 ,$52.14 
CSCO,3/12/2019,$52.15 ,19301720,$52.01 ,$52.28 ,$51.68 
CSCO,3/11/2019,$51.92 ,16706780,$51.14 ,$52.09 ,$51.10 
CSCO,3/8/2019,$51.07 ,18165080,$50.72 ,$51.13 ,$50.51 
CSCO,3/7/2019,$51.29 ,22182650,$51.55 ,$51.97 ,$51.21 
CSCO,3/6/2019,$51.67 ,19640560,$51.37 ,$51.79 ,$50.92 
CSCO,3/5/2019,$51.30 ,14834820,$51.12 ,$51.51 ,$50.97 
CSCO,3/4/2019,$51.16 ,18265440,$51.65 ,$51.92 ,$50.63 
CSCO,3/1/2019,$51.41 ,22848980,$52.00 ,$52.09 ,$51.27 
CSCO,2/28/2019,$51.77 ,30250070,$51.55 ,$51.96 ,$51.35 
CSCO,2/27/2019,$51.59 ,19926690,$51.21 ,$51.65 ,$50.89 
CSCO,2/26/2019,$51.18 ,18983740,$50.51 ,$51.41 ,$50.48 
CSCO,2/25/2019,$50.79 ,22770960,$50.34 ,$51.00 ,$50.34 
CSCO,2/22/2019,$50.11 ,22004110,$49.70 ,$50.22 ,$49.58 
CSCO,2/21/2019,$49.41 ,16011660,$49.54 ,$49.72 ,$49.20 
CSCO,2/20/2019,$49.63 ,17323220,$49.70 ,$49.80 ,$49.35 
CSCO,2/19/2019,$49.65 ,20051060,$49.20 ,$49.93 ,$49.20 
CSCO,2/15/2019,$49.43 ,30101530,$48.83 ,$49.59 ,$48.44 
CSCO,2/14/2019,$48.40 ,47551290,$48.85 ,$49.68 ,$48.34 
CSCO,2/13/2019,$47.50 ,28036640,$47.86 ,$47.95 ,$47.12 
CSCO,2/12/2019,$47.89 ,23672200,$47.27 ,$48.15 ,$47.16 
CSCO,2/11/2019,$47.58 ,19214110,$47.34 ,$47.71 ,$47.13 
CSCO,2/8/2019,$47.19 ,17559080,$46.40 ,$47.20 ,$46.30 
CSCO,2/7/2019,$46.70 ,20280440,$47.19 ,$47.32 ,$46.49 
CSCO,2/6/2019,$47.48 ,17667960,$47.12 ,$47.59 ,$46.95 
CSCO,2/5/2019,$47.26 ,16390490,$47.42 ,$47.46 ,$47.08 
CSCO,2/4/2019,$47.35 ,15691000,$47.22 ,$47.47 ,$47.12 
CSCO,2/1/2019,$47.34 ,16238990,$47.37 ,$47.56 ,$47.05 
CSCO,1/31/2019,$47.29 ,23096110,$46.72 ,$47.38 ,$46.52 
CSCO,1/30/2019,$46.71 ,18261270,$45.94 ,$46.93 ,$45.92 
CSCO,1/29/2019,$45.96 ,14450040,$45.81 ,$46.05 ,$45.65 
CSCO,1/28/2019,$45.75 ,18294750,$45.73 ,$45.77 ,$45.23 
CSCO,1/25/2019,$46.13 ,24196550,$46.12 ,$46.66 ,$45.95 
CSCO,1/24/2019,$45.61 ,17355980,$45.63 ,$45.75 ,$45.23 
CSCO,1/23/2019,$45.46 ,24760580,$45.14 ,$45.88 ,$45.02 
CSCO,1/22/2019,$44.78 ,21272760,$44.88 ,$45.24 ,$44.38 
CSCO,1/18/2019,$45.03 ,24388480,$44.48 ,$45.35 ,$44.31 
CSCO,1/17/2019,$44.21 ,18805540,$43.87 ,$44.53 ,$43.80 
CSCO,1/16/2019,$43.96 ,17203650,$44.12 ,$44.24 ,$43.76 
CSCO,1/15/2019,$44.02 ,17742610,$43.33 ,$44.04 ,$43.15 
CSCO,1/14/2019,$43.21 ,16039450,$43.08 ,$43.39 ,$43.00 
CSCO,1/11/2019,$43.49 ,17378410,$43.11 ,$43.54 ,$42.89 
CSCO,1/10/2019,$43.24 ,23258840,$43.11 ,$43.29 ,$42.58 
CSCO,1/9/2019,$43.32 ,22639010,$43.87 ,$43.87 ,$43.17 
CSCO,1/8/2019,$43.56 ,21966150,$43.57 ,$43.94 ,$43.10 
CSCO,1/7/2019,$43.21 ,19448750,$42.86 ,$43.65 ,$42.76 
CSCO,1/4/2019,$42.92 ,27509040,$41.85 ,$43.00 ,$41.53 
CSCO,1/3/2019,$41.07 ,29604460,$42.30 ,$42.41 ,$40.96 
CSCO,1/2/2019,$42.95 ,23781970,$42.28 ,$43.20 ,$42.21 
CSCO,12/31/2018,$43.33 ,20580320,$43.19 ,$43.55 ,$42.89 
CSCO,12/28/2018,$42.77 ,22447250,$43.17 ,$43.53 ,$42.46 
CSCO,12/27/2018,$42.91 ,28386320,$41.89 ,$42.93 ,$41.15 
CSCO,12/26/2018,$42.47 ,33177990,$40.68 ,$42.50 ,$40.40 
CSCO,12/24/2018,$40.28 ,24069390,$41.70 ,$41.81 ,$40.25 
CSCO,12/21/2018,$41.85 ,75114250,$42.91 ,$43.46 ,$41.74 
CSCO,12/20/2018,$42.49 ,38808240,$42.99 ,$43.23 ,$41.87 
CSCO,12/19/2018,$43.14 ,34548290,$43.89 ,$44.92 ,$42.57 
CSCO,12/18/2018,$44.06 ,29740160,$44.55 ,$44.61 ,$43.73 
CSCO,12/17/2018,$44.20 ,35666160,$45.82 ,$45.99 ,$43.91 
CSCO,12/14/2018,$45.82 ,27359450,$46.37 ,$46.62 ,$45.64 
CSCO,12/13/2018,$47.47 ,19940510,$47.68 ,$47.97 ,$47.13 
CSCO,12/12/2018,$47.42 ,23144050,$47.92 ,$48.20 ,$47.36 
CSCO,12/11/2018,$47.09 ,25063320,$47.86 ,$47.90 ,$46.71 
