Date,Close/Last,Volume,Open,High,Low
12/8/23,243.84,103126800,240.27,245.27,239.27
12/7/23,242.64,107142300,241.55,244.08,236.98
12/6/23,239.37,126436200,242.92,246.57,239.17
12/5/23,238.72,137971100,233.87,246.66,233.7
12/4/23,235.58,104099800,235.75,239.37,233.29
12/1/23,238.83,121331700,233.14,240.19,231.9
11/30/23,240.08,132353200,245.14,245.22,236.91
11/29/23,244.14,135401300,249.21,252.75,242.76
11/28/23,246.72,148549900,236.68,247,234.01
11/27/23,236.08,112031800,236.89,238.33,232.1
11/24/23,235.45,65125200,233.75,238.75,232.33
11/22/23,234.21,118117100,242.04,244.01,231.4
11/21/23,241.2,122288000,235.04,243.62,233.34
11/20/23,235.6,116562400,234.04,237.1,231.02
11/17/23,234.3,142766200,232,237.39,226.54
11/16/23,233.59,136816800,239.49,240.88,230.96
11/15/23,242.84,150354000,239.29,246.7,236.45
11/14/23,237.41,149771600,235.03,238.14,230.72
11/13/23,223.71,140447600,215.6,225.4,211.61
11/10/23,214.65,131310100,210.03,215.38,205.69
11/9/23,209.98,142110500,219.75,220.8,206.68
11/8/23,222.11,106584800,223.15,224.15,217.64
11/7/23,222.18,116900100,219.98,223.12,215.72
11/6/23,219.27,117335800,223.98,226.32,215
11/3/23,219.96,119534800,221.15,226.37,218.4
11/2/23,218.51,125987600,212.97,219.2,211.45
11/1/23,205.66,121661700,204.04,205.99,197.85
10/31/23,200.84,118068300,196.12,202.8,194.07
10/30/23,197.36,136448200,209.28,210.88,194.67
10/27/23,207.3,94881170,210.6,212.41,205.77
10/26/23,205.76,115112600,211.32,214.8,204.88
10/25/23,212.42,107065100,215.88,220.1,212.2
10/24/23,216.52,118231100,216.5,222.05,214.11
10/23/23,212.08,150683400,210,216.98,202.51
10/20/23,211.99,138010100,217.01,218.86,210.42
10/19/23,220.11,170772700,225.95,230.61,216.78
10/18/23,242.68,125147800,252.7,254.63,242.08
10/17/23,254.85,93562910,250.1,257.18,247.08
10/16/23,253.92,88917180,250.05,255.4,248.48
10/13/23,251.12,102296800,258.9,259.6,250.22
10/12/23,258.87,111508100,262.92,265.41,256.63
10/11/23,262.99,103706300,266.2,268.6,260.9
10/10/23,263.62,122656000,257.75,268.94,257.65
10/9/23,259.67,101377900,255.31,261.36,252.05
10/6/23,260.53,118121800,253.98,261.65,250.65
10/5/23,260.05,119159200,260,263.6,256.25
10/4/23,261.16,129721600,248.14,261.86,247.6
10/3/23,246.53,101985300,248.61,250.02,244.45
10/2/23,251.6,123810400,244.81,254.28,242.62
9/29/23,250.22,128522700,250,254.77,246.35
9/28/23,246.38,117058900,240.02,247.55,238.65
9/27/23,240.5,136597200,244.26,245.33,234.58
9/26/23,244.12,101993600,242.98,249.55,241.66
9/25/23,246.99,104636600,243.38,247.1,238.31
9/22/23,244.88,127524100,257.4,257.79,244.48
9/21/23,255.7,119951500,257.85,260.86,254.21
9/20/23,262.59,122514600,267.04,273.93,262.46
9/19/23,266.5,103704000,264.35,267.85,261.2
9/18/23,265.28,101543300,271.16,271.44,263.76
9/15/23,274.39,133692300,277.55,278.98,271
9/14/23,276.04,107709800,271.32,276.71,270.42
9/13/23,271.3,111673700,270.07,274.98,268.1
9/12/23,267.48,135999900,270.76,278.39,266.6
9/11/23,273.58,174667900,264.27,274.85,260.61
9/8/23,248.5,118559600,251.22,256.52,246.67
9/7/23,251.49,115312900,245.07,252.81,243.27
9/6/23,251.92,116959800,255.14,255.39,245.06
9/5/23,256.49,129469600,245,258,244.86
9/1/23,245.01,132541600,257.26,259.08,242.01
8/31/23,258.08,108861700,255.98,261.18,255.05
8/30/23,256.9,121988400,254.2,260.51,250.59
8/29/23,257.18,134047600,238.58,257.48,237.77
8/28/23,238.82,107673700,242.58,244.38,235.35
8/25/23,238.59,106612200,231.31,239,230.35
8/24/23,230.04,99777430,238.66,238.92,228.18
8/23/23,236.86,101077600,229.34,238.98,229.29
8/22/23,233.19,130597900,240.25,240.82,229.55
8/21/23,231.28,135702700,221.55,232.13,220.58
8/18/23,215.49,136276600,214.12,217.58,212.36
8/17/23,219.22,120718400,226.06,226.74,218.83
8/16/23,225.6,112484500,228.02,233.97,225.38
8/15/23,232.96,88197600,238.73,240.5,232.61
8/14/23,239.76,98595330,235.7,240.66,233.75
8/11/23,242.65,99038640,241.77,243.79,238.02
8/10/23,245.34,109498600,245.4,251.8,243
8/9/23,242.19,101596300,250.87,251.1,241.9
8/8/23,249.7,96642180,247.45,250.92,245.01
8/7/23,251.45,111097900,251.45,253.65,242.76
8/4/23,253.86,99539910,260.97,264.77,253.11
8/3/23,259.32,97829550,252.04,260.49,252
8/2/23,254.11,101752900,255.57,259.52,250.49
8/1/23,261.07,83645720,266.26,266.47,260.25
7/31/23,267.43,84582170,267.48,269.08,263.78
7/28/23,266.44,111446000,259.86,267.25,258.23
7/27/23,255.71,103697300,268.31,269.13,255.3
7/26/23,264.35,95856180,263.25,268.04,261.75
7/25/23,265.28,112757300,272.38,272.9,265
7/24/23,269.06,137005000,255.85,269.85,254.12
7/21/23,260.02,161796100,268,268,255.8
7/20/23,262.9,175158300,279.56,280.93,261.2
7/19/23,291.26,142355400,296.04,299.29,289.52
7/18/23,293.34,112434700,290.15,295.26,286.01
7/17/23,290.38,131569600,286.63,292.23,283.57
7/14/23,281.38,120062400,277.01,285.3,276.31
7/13/23,277.9,112681500,274.59,279.45,270.6
7/12/23,271.99,95672140,276.33,276.52,271.46
7/11/23,269.79,91972360,268.65,270.9,266.37
7/10/23,269.61,119425400,276.47,277.52,265.1
7/7/23,274.43,113879200,278.43,280.78,273.77
7/6/23,276.54,120707400,278.09,279.97,272.88
7/5/23,282.48,131530900,278.82,283.85,277.6
7/3/23,279.82,118999000,276.49,284.25,275.11
6/30/23,261.77,112620800,260.6,264.45,259.89
6/29/23,257.5,131283400,258.03,260.74,253.61
6/28/23,256.24,159770800,249.7,259.88,248.89
6/27/23,250.21,164968200,243.24,250.39,240.85
6/26/23,241.05,179990600,250.07,258.37,240.7
6/23/23,256.6,177460800,259.29,262.45,252.8
6/22/23,264.61,166875900,250.77,265,248.25
6/21/23,259.46,211797100,275.13,276.99,257.78
6/20/23,274.45,165611200,261.5,274.75,261.12
6/16/23,260.54,167915600,258.92,263.6,257.21
6/15/23,255.9,160171200,248.4,258.95,247.29
6/14/23,256.79,170575500,260.17,261.57,250.5
6/13/23,258.71,162384300,253.51,259.68,251.34
6/12/23,249.83,150740500,247.94,250.97,244.59
6/9/23,244.4,200242400,249.07,252.42,242.02
6/8/23,234.86,164489700,224.22,235.23,223.01
6/7/23,224.57,185710800,228,230.83,223.2
6/6/23,221.31,146911600,216.14,221.91,212.53
6/5/23,217.61,151143100,217.8,221.29,214.52
6/2/23,213.97,164398400,210.15,217.25,209.75
6/1/23,207.52,148029900,202.59,209.8,199.37
5/31/23,203.93,150711700,199.78,203.95,195.12
5/30/23,201.16,128818700,200.1,204.48,197.53
5/26/23,193.17,162061500,184.62,198.6,184.53
5/25/23,184.47,96870720,186.54,186.78,180.58
5/24/23,182.9,137605100,182.23,184.22,178.22
5/23/23,185.77,156952100,186.2,192.96,185.26
5/22/23,188.87,132001400,180.7,189.32,180.11
5/19/23,180.14,136196700,177.17,181.95,176.31
5/18/23,176.89,109520300,174.22,177.06,172.45
5/17/23,173.86,125473600,168.41,174.5,167.19
5/16/23,166.52,98288790,165.65,169.52,164.35
5/15/23,166.35,105592500,167.66,169.76,164.55
5/12/23,167.98,157849600,176.07,177.38,167.23
5/11/23,172.08,103889900,168.7,173.57,166.79
5/10/23,168.54,119840700,172.55,174.43,166.68
5/9/23,169.15,88965040,168.95,169.82,166.56
5/8/23,171.79,112249400,173.72,173.8,169.19
5/5/23,170.06,107607300,163.97,170.79,163.51
5/4/23,161.2,95108490,162.71,162.95,159.65
5/3/23,160.61,119728000,160.01,165,159.91
5/2/23,160.31,128259700,161.88,165.49,158.93
5/1/23,161.83,109015000,163.17,163.28,158.83
4/28/23,164.31,122515800,160.9,165,157.32
4/27/23,160.19,127015200,152.64,160.48,152.37
4/26/23,153.75,153364100,160.29,160.67,153.14
4/25/23,160.67,121999300,159.82,163.47,158.75
4/24/23,162.55,140006600,164.65,165.65,158.61
4/21/23,165.08,123539000,164.8,166,161.32
4/20/23,162.99,210970800,166.17,169.7,160.56
4/19/23,180.59,125732700,179.1,183.5,177.65
4/18/23,184.31,92067020,187.15,187.69,183.58
4/17/23,187.04,116662200,186.32,189.69,182.69
4/14/23,185,96438660,183.95,186.28,182.01
4/13/23,185.9,112933000,182.96,186.5,180.94
4/12/23,180.54,150256300,190.74,191.58,180.31
4/11/23,186.79,115770900,186.69,189.19,185.65
4/10/23,184.51,142154600,179.94,185.1,176.11
4/6/23,185.06,123857900,183.08,186.39,179.74
4/5/23,185.52,133882500,190.52,190.68,183.76
4/4/23,192.58,126463800,197.32,198.74,190.32
4/3/23,194.77,169545900,199.91,202.69,192.2
3/31/23,207.46,170222100,197.53,207.79,197.2
3/30/23,195.28,110252200,195.58,197.33,194.42
3/29/23,193.88,123660000,193.13,195.29,189.44
3/28/23,189.19,98654640,192,192.35,185.43
3/27/23,191.81,120851600,194.42,197.39,189.94
3/24/23,190.41,116531600,191.65,192.36,187.15
3/23/23,192.22,144193900,195.26,199.31,188.65
3/22/23,191.15,150376400,199.3,200.66,190.95
3/21/23,197.58,153391400,188.28,198,188.04
3/20/23,183.25,129684400,178.08,186.44,176.35
3/17/23,180.13,133197100,184.52,186.22,177.33
3/16/23,184.13,121374500,180.37,185.81,178.84
3/15/23,180.45,145995600,180.8,182.34,176.03
3/14/23,183.26,143717900,177.31,183.8,177.14
3/13/23,174.48,167790300,167.46,177.35,163.91
3/10/23,173.44,191488900,175.13,178.29,168.44
3/9/23,172.92,170023800,180.25,185.18,172.51
3/8/23,182,151897800,185.04,186.5,180
3/7/23,187.71,148125800,191.38,194.2,186.1
3/6/23,193.81,128100100,198.54,198.6,192.3
3/3/23,197.79,154193300,194.8,200.48,192.88
3/2/23,190.9,181979200,186.74,193.75,186.01
3/1/23,202.77,156852800,206.21,207.2,198.52
2/28/23,205.71,153144900,210.59,211.23,203.75
2/27/23,207.63,161028300,202.03,209.42,201.26
2/24/23,196.88,142228100,196.33,197.67,192.8
2/23/23,202.07,146360000,203.91,205.14,196.33
2/22/23,200.86,191828500,197.93,201.99,191.78
2/21/23,197.37,180018600,204.99,209.71,197.22
2/17/23,208.31,213738500,199.99,208.44,197.5
2/16/23,202.04,229586500,210.78,217.65,201.84
2/15/23,214.24,182108600,211.76,214.66,206.11
2/14/23,209.25,216455700,191.94,209.82,189.44
2/13/23,194.64,172475500,194.42,196.3,187.61
2/10/23,196.89,204754100,202.23,206.2,192.89
2/9/23,207.32,215431400,207.78,214,204.77
2/8/23,201.29,180673600,196.1,203,194.31
2/7/23,196.81,186010300,196.43,197.5,189.55
2/6/23,194.76,186188100,193.01,198.17,189.92
2/3/23,189.98,232662000,183.95,199,183.69
2/2/23,188.27,217448300,187.33,196.75,182.61
2/1/23,181.41,213806300,173.89,183.81,169.93
1/31/23,173.22,196813500,164.57,174.3,162.78
1/30/23,166.66,230878800,178.05,179.77,166.5
1/27/23,177.9,306590600,162.43,180.68,161.17
1/26/23,160.27,234815100,159.97,161.42,154.76
1/25/23,144.43,192734300,141.91,146.41,138.07
1/24/23,143.89,158699100,143,146.5,141.1
1/23/23,143.75,203119200,135.87,145.38,134.27
1/20/23,133.42,138858100,128.68,133.51,127.35
1/19/23,127.17,170291900,127.26,129.99,124.31
1/18/23,128.78,195680300,136.56,136.68,127.01
1/17/23,131.49,186477000,125.7,131.7,125.02
1/13/23,122.4,180714100,116.55,122.63,115.6
1/12/23,123.56,169400900,122.56,124.13,117
1/11/23,123.22,183810800,122.09,125.95,120.51
1/10/23,118.85,167642500,121.07,122.76,114.92
1/9/23,119.77,190284000,118.96,123.52,117.11
1/6/23,113.06,220911100,103,114.39,101.81
1/5/23,110.34,157986300,110.51,111.75,107.16
1/4/23,113.64,180389000,109.11,114.59,107.52
1/3/23,108.1,231402800,118.47,118.8,104.64
12/30/22,123.18,157777300,119.95,124.48,119.75
12/29/22,121.82,221923300,120.39,123.57,117.5
12/28/22,112.71,221070500,110.35,116.27,108.24
12/27/22,109.1,208643400,117.5,119.67,108.76
12/23/22,123.15,166989700,126.37,128.62,121.02
12/22/22,125.35,210090300,136,136.63,122.26
12/21/22,137.57,145417400,139.34,141.26,135.89
12/20/22,137.8,159563300,146.05,148.47,137.66
12/19/22,149.87,139390600,154,155.25,145.82
12/16/22,150.23,139032200,159.64,160.99,150.04
12/15/22,157.67,122334500,153.44,160.93,153.28
12/14/22,156.8,140682300,159.25,161.62,155.31
12/13/22,160.95,175862700,174.87,175.05,156.91
12/12/22,167.82,109794500,176.1,177.37,167.52
12/9/22,179.05,104872300,173.84,182.5,173.36
12/8/22,173.44,97624490,172.2,175.2,169.06
12/7/22,174.04,84213280,175.03,179.38,172.22
12/6/22,179.82,92150820,181.22,183.65,175.33
12/5/22,182.45,93122670,189.44,191.27,180.55
12/2/22,194.86,73645920,191.78,196.25,191.11
12/1/22,194.7,80046210,197.08,198.92,191.8
11/30/22,194.7,109186400,182.43,194.76,180.63
11/29/22,180.83,83357110,184.99,186.38,178.75
11/28/22,182.92,93038150,179.96,188.5,179
11/25/22,182.86,50672740,185.06,185.2,180.63
11/23/22,183.2,109536700,173.57,183.62,172.5
11/22/22,169.91,78452330,168.63,170.92,166.19
11/21/22,167.87,92882710,175.85,176.77,167.54
11/18/22,180.19,76048870,185.05,185.19,176.55
11/17/22,183.17,64335970,183.96,186.16,180.9
11/16/22,186.92,66567600,191.51,192.57,185.66
11/15/22,194.42,91293790,195.88,200.82,192.06
11/14/22,190.95,92226650,192.77,195.73,186.34
11/11/22,195.97,114403600,186,196.52,182.59
11/10/22,190.72,132703000,189.9,191,180.03
11/9/22,177.59,127062700,190.78,195.89,177.12
11/8/22,191.3,128803400,194.02,195.2,186.75
11/7/22,197.08,93916520,208.65,208.9,196.66
11/4/22,207.47,98622210,222.6,223.8,203.08
11/3/22,215.31,56538850,211.36,221.2,210.14
11/2/22,214.98,63070290,226.04,227.87,214.82
11/1/22,227.82,62688820,234.05,237.4,227.28
10/31/22,227.54,61554340,226.19,229.85,221.94
10/28/22,228.52,69152390,225.4,228.86,216.35
10/27/22,225.09,61638820,229.77,233.81,222.85
10/26/22,224.64,85327080,219.4,230.6,218.2
10/25/22,222.42,96507870,210.1,224.35,210
10/24/22,211.25,100446800,205.82,213.5,198.59
10/21/22,214.44,75713750,206.42,214.66,203.8
10/20/22,207.28,117798100,208.28,215.55,202
10/19/22,222.04,66571480,219.8,222.93,217.78
10/18/22,220.19,75891910,229.5,229.82,217.25
10/17/22,219.35,79428810,210.04,221.86,209.45
10/14/22,204.99,94124510,224.01,226.26,204.16
10/13/22,221.72,91483050,208.3,222.99,206.22
10/12/22,217.24,66860700,215.33,219.3,211.51
10/11/22,216.5,77013200,220.95,225.75,215
10/10/22,222.96,67925020,223.93,226.99,218.36
10/7/22,223.07,83916800,233.94,234.57,222.02
10/6/22,238.13,69298440,239.44,244.58,235.35
10/5/22,240.81,86982670,245.01,246.67,233.27
10/4/22,249.44,109578500,250.52,257.5,242.01
10/3/22,242.4,98363540,254.5,255.16,241.01
9/30/22,265.25,67726600,266.15,275.57,262.47
9/29/22,268.21,77620640,282.76,283.65,265.78
9/28/22,287.81,54664810,283.08,289,277.57
9/27/22,282.94,61925190,283.84,288.67,277.51
9/26/22,276.01,58076910,271.83,284.09,270.31
9/23/22,275.33,63748360,283.09,284.5,272.82
9/22/22,288.59,70545410,299.86,301.29,285.82
9/21/22,300.8,62555660,308.29,313.8,300.63
9/20/22,308.73,61642780,306.91,313.33,305.58
9/19/22,309.07,60231160,300.09,309.84,297.8
9/16/22,303.35,87087790,299.61,303.71,295.6
9/15/22,303.75,64795520,301.83,309.12,300.72
9/14/22,302.61,72628650,292.24,306,291.64
9/13/22,292.13,68229620,292.9,297.4,290.4
9/12/22,304.42,48674600,300.72,305.49,300.4
9/9/22,299.68,54470850,291.67,299.85,291.25
9/8/22,289.26,53713120,281.3,289.5,279.76
9/7/22,283.7,50028920,273.1,283.84,272.27
9/6/22,274.42,55859980,272.68,275.99,265.74
9/2/22,270.21,50890090,281.07,282.35,269.08
9/1/22,277.16,54287020,272.58,277.58,266.15
8/31/22,275.61,52107340,280.62,281.25,271.81
8/30/22,277.7,50541760,287.87,288.48,272.65
8/29/22,284.82,41864740,282.83,287.74,280.7
8/26/22,288.09,57163950,297.43,302,287.47
8/25/22,296.07,53230010,302.36,302.96,291.6
8/24/22,297.1,57259716,297.56,303.65,296.5
8/23/22,296.45,63985056,291.45,298.83,287.92
8/22/22,289.91,55843356,291.91,292.4,286.3
8/19/22,296.67,61395396,299,300.36,292.5
8/18/22,302.87,47500535,306,306.5,301.85
8/17/22,304,68765977,303.4,309.66,300.03
8/16/22,306.56,88136319,311.67,314.67,302.88
8/15/22,309.32,89359179,301.79,313.13,301.23
8/12/22,300.03,79657298,289.42,300.16,285.03
8/11/22,286.63,70155067,296.51,298.24,285.83
8/10/22,294.36,94918869,297.07,297.51,283.37
8/9/22,283.33,86244699,290.29,292.4,279.35
8/8/22,290.42,99365290,295,305.2,289.09
8/5/22,288.17,113172911,302.67,304.61,285.54
8/4/22,308.63,72256327,311,313.61,305
8/3/22,307.4,80091128,305,309.55,301.15
8/2/22,300.59,95577490,294,307.83,292.67
8/1/22,297.28,117042912,301.28,311.88,295
7/29/22,297.15,95312890,280.7,298.32,279.1
7/28/22,280.9,84723008,280.07,283.3,272.8
7/27/22,274.82,88110009,263.81,275.93,261.79
7/26/22,258.86,66820777,266.51,267.31,256.26
7/25/22,268.43,64073526,272.22,274.15,267.4
7/22/22,272.24,103472860,276.22,280.79,270.71
7/21/22,271.71,142032194,255.11,273.27,254.87
7/20/22,247.5,88864089,246.78,250.66,243.48
7/19/22,245.53,80890118,245,247.14,236.98
7/18/22,240.55,82537448,244.94,250.52,239.6
7/15/22,240.07,69683017,240,243.62,236.89
7/14/22,238.31,78557498,234.9,238.65,229.33
7/13/22,237.04,97954510,225.5,242.06,225.03
7/12/22,233.07,87930969,236.85,239.77,228.37
7/11/22,234.34,99509230,252.1,253.06,233.63
7/8/22,250.76,101854090,242.33,254.98,241.16
7/7/22,244.54,81930698,233.92,245.36,232.21
7/6/22,231.73,71853637,230.78,234.56,227.19
7/5/22,233.07,84779108,223,233.15,216.17
7/1/22,227.26,74460457,227,230.23,222.12
6/30/22,224.47,94600449,224.51,229.46,218.86
6/29/22,228.49,82897268,230.5,231.17,222.27
6/28/22,232.66,90666519,244.48,249.97,232.34
6/27/22,244.92,89178309,249.37,252.07,242.57
6/24/22,245.71,95770720,237.47,246.07,236.09
6/23/22,235.07,104202700,237.91,239.32,228.64
6/22/22,236.09,101527270,234.5,246.83,233.83
6/21/22,237.04,122792982,224.6,243.58,224.33
6/17/22,216.76,92641779,213.43,220.97,213.2
6/16/22,213.1,107390711,222.74,225.17,208.69
6/15/22,233,119131962,220.92,235.66,218.15
6/14/22,220.89,97988800,218.29,226.33,211.74
6/13/22,215.74,102767260,223.17,226.63,214.68
6/10/22,232.23,98090920,235.16,239.5,227.91
6/9/22,239.71,96491320,249.34,255.55,239.33
6/8/22,241.87,76210628,240.09,249.96,239.18
6/7/22,238.89,72808597,234,240,230.09
6/6/22,238.28,84204518,244.35,244.87,234.35
6/3/22,234.52,112393751,243.23,247.8,233.42
6/2/22,258.33,93473139,244.16,264.21,242.07
6/1/22,246.79,77247968,251.72,257.33,243.64
5/31/22,252.75,101914390,257.95,259.6,244.74
5/27/22,253.21,89294979,241.08,253.27,240.18
5/26/22,235.91,106003361,220.47,239.56,217.89
5/25/22,219.6,92139339,207.95,223.11,207.67
5/24/22,209.39,89092539,217.84,217.97,206.86
5/23/22,224.97,88903659,218.34,226.65,212.69
5/20/22,221.3,144973334,238,240.53,211
5/19/22,236.47,90296679,235.67,244.67,231.37
5/18/22,236.6,87811809,248.17,253.5,233.6
5/17/22,253.87,80236118,249.12,254.83,242.95
5/16/22,241.46,86098539,255.72,256.59,239.7
5/13/22,256.53,92150739,257.83,262.45,250.52
5/12/22,242.67,140312864,233.67,253.22,226.67
5/11/22,244.67,97224460,265,269.92,242.4
5/10/22,266.68,84401648,273.1,275.12,258.08
5/9/22,262.37,90810219,278.82,281.88,260.38
5/6/22,288.55,72903127,295.67,296,281.04
5/5/22,291.09,92519199,313.07,315.2,285.9
5/4/22,317.54,81643718,301.31,318.5,295.09
5/3/22,303.08,63709596,301.06,308.03,296.2
5/2/22,300.98,75781388,286.92,302.12,282.68
4/29/22,290.25,88133019,300.75,311.47,290
4/28/22,292.5,124948542,299.99,300,273.9
4/27/22,293.84,76956398,299.53,306,292.45
4/26/22,292.14,136133684,331.81,333.33,291.67
4/25/22,332.67,68341357,326.32,336.21,325.1
4/22/22,335.02,69696577,338.3,344.95,331.33
4/21/22,336.26,105416351,358.24,364.07,332.14
4/20/22,325.73,70711327,343.33,344.67,325.08
4/19/22,342.72,49847825,335.02,344.98,331.78
4/18/22,334.76,51715235,329.68,338.31,324.47
4/14/22,328.33,58422426,333.1,337.57,327.4
4/13/22,340.79,55121226,327.03,342.08,324.37
4/12/22,328.98,65976097,332.55,340.4,325.53
4/11/22,325.31,59357226,326.8,336.16,324.88
4/8/22,341.83,55013706,347.74,349.48,340.81
4/7/22,352.42,79447058,350.8,358.86,340.51
4/6/22,348.59,89348559,357.82,359.67,342.57
4/5/22,363.75,80075018,378.77,384.29,362.43
4/4/22,381.82,82177718,363.13,383.3,357.51
4/1/22,361.53,54263225,360.38,364.92,355.55
3/31/22,359.2,48992765,364.86,367.71,358.88
3/30/22,364.66,59865006,363.72,371.32,361.33
3/29/22,366.52,73614817,369.33,371.59,357.7
3/28/22,363.95,102506080,355.03,365.96,351.2
3/25/22,336.88,62031546,336,340.6,332.44
3/24/22,337.97,68920897,336.58,341.5,329.6
3/23/22,333.04,120676152,326.65,346.9,325.47
3/22/22,331.33,105868571,310,332.62,307.25
3/21/22,307.05,81981668,304.99,314.28,302.36
3/18/22,301.8,100414210,291.5,302.62,289.13
3/17/22,290.53,66582967,277,291.67,275.24
3/16/22,280.08,84028838,269.67,280.67,267.42
3/15/22,267.3,66841147,258.42,268.52,252.19
3/14/22,255.46,71152267,260.2,266.9,252.01
3/11/22,265.12,67037167,280.07,281.27,264.59
3/10/22,279.43,58648656,283.82,284.82,270.12
3/9/22,286.32,59183976,279.83,286.85,277.34
3/8/22,274.8,80399108,265.18,283.33,260.72
3/7/22,268.19,72494167,285.43,288.71,268.19
3/4/22,279.43,67179877,283.03,285.22,275.05
3/3/22,279.76,61623516,292.92,295.48,277.53
3/2/22,293.3,74643457,290.71,295.49,281.42
3/1/22,288.12,74766877,289.89,296.63,284.59
2/28/22,290.14,99006880,271.67,292.29,271.57
2/25/22,269.96,76067768,269.74,273.17,260.8
2/24/22,266.92,135322304,233.46,267.49,233.33
2/23/22,254.68,95257030,276.81,278.43,253.52
2/22/22,273.84,83288198,278.04,285.58,267.03
2/18/22,285.66,68501857,295.33,295.62,279.2
2/17/22,292.12,55178436,304.42,306.17,291.37
2/16/22,307.8,51294395,304.68,308.81,300.4
2/15/22,307.48,57649536,300,307.67,297.79
2/14/22,291.92,67756417,287.19,299.63,284.38
2/11/22,286.67,79645868,303.21,305.32,283.57
2/10/22,301.52,66126847,302.79,314.6,298.9
2/9/22,310.67,52259555,311.67,315.42,306.67
2/8/22,307.33,50729015,301.84,308.76,298.27
2/7/22,302.45,60994476,307.93,315.92,300.9
2/4/22,307.77,73625467,299.07,312.17,293.72
2/3/22,297.05,78855578,294,312.33,293.51
2/2/22,301.89,66793057,309.39,310.5,296.47
2/1/22,310.42,73138357,311.74,314.57,301.67
1/31/22,312.24,104436100,290.9,312.66,287.35
1/28/22,282.12,134788963,277.19,285.83,264
1/27/22,276.37,147109575,311.12,311.8,276.33
1/26/22,312.47,104867290,317.48,329.23,302
1/25/22,306.13,86595909,304.73,317.09,301.07
1/24/22,310,152375145,301.59,311.17,283.82
1/21/22,314.63,103416040,332.11,334.85,313.5
1/20/22,332.09,70488757,336.58,347.22,331.33
1/19/22,331.88,75442508,347.24,351.56,331.67
1/18/22,343.5,66989407,342.2,356.93,338.69
1/14/22,349.87,72924427,339.96,350.67,337.79
1/13/22,343.85,97209790,369.69,371.87,342.18
1/12/22,368.74,83739038,359.62,371.61,357.53
1/11/22,354.8,66063217,351.22,358.62,346.27
1/10/22,352.71,91814889,333.33,353.03,326.67
1/7/22,342.32,84164768,360.12,360.31,336.67
1/6/22,354.9,90336489,359,362.67,340.17
1/5/22,362.71,80119808,382.22,390.11,360.34
1/4/22,383.2,100248280,396.52,402.67,374.35
1/3/22,399.93,104686060,382.58,400.36,378.68
12/31/21,352.26,40733644,357.81,360.67,351.53
12/30/21,356.78,47040935,353.78,365.18,351.05
12/29/21,362.06,56154066,366.21,368,354.71
12/28/21,362.82,60323916,369.83,373,359.47
12/27/21,364.65,71145817,357.89,372.33,356.91
12/23/21,355.67,92713299,335.6,357.66,332.52
12/22/21,336.29,93634089,321.89,338.55,319.02
12/21/21,312.84,71517937,305.62,313.17,295.37
12/20/21,299.98,56480016,303.57,307.23,297.8
12/17/21,310.86,100880260,304.92,320.22,303.01
12/16/21,308.97,82771448,331.5,331.66,307.28
12/15/21,325.33,75169238,317.74,326.25,309.42
12/14/21,319.5,70806277,315,322.14,310
12/13/21,322.14,78595508,333.7,335,317.14
12/10/21,339.01,59664366,336.25,340.33,327.51
12/9/21,334.6,59438496,353.55,354.16,334.12
12/8/21,356.32,41906374,350.9,357.46,344.33
12/7/21,350.58,56084586,348.07,352.56,342.27
12/6/21,336.34,81663128,333.84,340.55,316.83
12/3/21,338.32,92322009,361.6,363.53,333.4
12/2/21,361.53,73114867,366.35,371,352.22
12/1/21,365,68804107,386.9,390.95,363.59
11/30/21,381.59,81276128,381.46,389.33,372.67
11/29/21,379,58393416,367,380.89,366.73
11/26/21,360.64,35042674,366.49,369.59,360.33
11/24/21,372,67680727,360.13,377.59,354
11/23/21,369.68,108515111,389.17,393.5,354.23
11/22/21,385.62,99217540,387.44,400.65,377.48
11/19/21,379.02,64926786,366.29,379.57,364.23
11/18/21,365.46,62696796,368.85,370.67,358.34
11/17/21,363,94336119,354.5,373.21,351.83
11/16/21,351.58,79627088,334.44,352.4,334.06
11/15/21,337.8,104326960,339.21,343.99,326.2
11/12/21,344.47,76719458,349.17,351.5,339.73
11/11/21,354.5,67189717,367.59,368.32,351.56
11/10/21,355.98,128408173,336.8,359.37,329.1
11/9/21,341.17,177317538,391.2,391.5,337.17
11/8/21,387.65,100337170,383.26,399,377.67
11/5/21,407.36,64886436,409.33,413.29,402.67
11/4/21,409.97,76192238,411.47,414.5,405.67
11/3/21,404.62,103885570,392.44,405.13,384.21
11/2/21,390.67,128213413,386.45,402.86,382
11/1/21,402.86,168146177,381.67,403.25,372.89
10/29/21,371.33,89755269,360.62,371.74,357.74
10/28/21,359.01,81639518,356.1,360.33,351.4
10/27/21,345.95,115579392,346.55,356.96,343.59
10/26/21,339.48,187244929,341.56,364.98,333.81
10/25/21,341.62,188556319,316.84,348.34,314.73
10/22/21,303.23,68642527,298.5,303.33,296.99
10/21/21,298,94444359,285.33,300,285.17
10/20/21,288.6,42096154,288.45,289.83,285.79
10/19/21,288.09,52143395,292.51,292.65,287.5
10/18/21,290.04,72621727,283.93,291.75,283.82
10/15/21,281.01,56773716,274.58,281.07,274.12
10/14/21,272.77,36741514,271.83,273.42,271.12
10/13/21,270.36,42360244,270.16,271.8,268.59
10/12/21,268.57,66060127,266.98,270.77,265.52
10/11/21,263.98,42600964,262.55,267.08,261.83
10/8/21,261.83,50215805,265.4,265.46,260.3
10/7/21,264.54,57587346,261.82,268.33,261.13
10/6/21,260.92,43898314,258.73,262.22,257.74
10/5/21,260.2,55297896,261.6,265.77,258.07
10/4/21,260.51,91450029,265.5,268.99,258.71
10/1/21,258.41,51094235,259.47,260.26,254.53
9/30/21,258.49,53867885,260.33,263.04,258.33
9/29/21,260.44,62828646,259.93,264.5,256.89
9/28/21,259.19,76144268,262.4,265.21,255.39
9/27/21,263.79,84211988,257.71,266.33,256.44
9/24/21,258.13,64119066,248.63,258.27,248.19
9/23/21,251.21,35842594,251.67,252.73,249.31
9/22/21,250.65,45378815,247.84,251.22,246.37
9/21/21,246.46,48992165,244.93,248.25,243.48
9/20/21,243.39,74272957,244.85,247.33,239.54
9/17/21,253.16,84612548,252.38,253.68,250
9/16/21,252.33,41770174,250.94,252.97,249.2
9/15/21,251.94,46073075,248.33,252.29,246.12
9/14/21,248.16,55574646,247.52,251.49,245.47
9/13/21,247.67,68857447,246.74,248.26,236.28
9/10/21,245.42,45552515,253.2,254.2,244.84
9/9/21,251.62,42233194,251.14,254.03,250.54
9/8/21,251.29,56379126,253.86,254.82,246.92
9/7/21,250.97,60119496,246.67,253.4,246.42
9/3/21,244.52,45813155,244.08,244.67,241.4
9/2/21,244.13,38390224,244.83,246.99,243.51
9/1/21,244.7,39613024,244.69,247.33,243.76
8/31/21,245.24,62566326,244.33,246.8,242.15
8/30/21,243.64,55812666,238.24,243.67,237.58
8/27/21,237.31,41501284,235,238.33,234.03
8/26/21,233.72,39642874,236.1,238.47,232.54
8/25/21,237.07,37936684,235.68,238.99,234.67
8/24/21,236.16,39249214,236.89,238.41,234.21
8/23/21,235.43,60794586,228.48,237.38,226.92
8/20/21,226.75,44525614,227.62,230.71,224.57
8/19/21,224.49,42940474,226.07,228.85,222.53
8/18/21,229.66,61048146,223.25,231.92,223.12
8/17/21,221.9,71163847,224.22,224.86,216.28
8/16/21,228.72,69309907,235.02,236.5,225.47
8/13/21,239.06,50194415,241.24,243.3,238.11
8/12/21,240.75,53045075,235.45,240.93,233.13
8/11/21,235.94,29401677,237.57,238.39,234.74
8/10/21,236.66,40296934,238,238.86,233.96
8/9/21,237.92,44146054,236.72,239.68,235.04
8/6/21,233.03,46869155,237.3,238.78,232.54
8/5/21,238.21,38758924,238.67,240.32,237.14
8/4/21,236.97,51007955,237,241.63,236.31
8/3/21,236.58,64860756,239.67,240.88,233.67
8/2/21,236.56,100847320,233.33,242.31,232.8
7/30/21,229.07,88969239,223.92,232.51,223
7/29/21,225.78,91183929,216.6,227.9,216.27
7/28/21,215.66,48019805,215.67,218.32,213.13
7/27/21,214.93,98439880,221.13,222.17,209.08
7/26/21,219.21,76009688,216.99,222.73,215.7
7/23/21,214.46,43814824,215.45,216.27,212.43
7/22/21,216.42,45317195,218.81,220.72,214.87
7/21/21,218.43,41860024,219.87,221.62,216.76
7/20/21,220.17,46461395,217.33,220.8,213.5
7/19/21,215.41,63891276,209.96,215.73,207.1
7/16/21,214.74,49112915,218.23,218.9,214.07
7/15/21,216.87,60628716,219.46,222.05,212.63
7/14/21,217.79,64923576,223.58,226.2,217.61
7/13/21,222.85,62898276,228.77,231.09,222.1
7/12/21,228.57,77781128,220.73,229.08,220.72
7/9/21,218.98,54421655,217.73,219.64,214.9
7/8/21,217.6,68319967,209.46,218.14,206.82
7/7/21,214.88,56375886,221.42,221.9,212.77
7/6/21,219.86,69853357,227.24,228,217.13
7/2/21,226.3,81292118,226.33,233.33,224.42
7/1/21,225.97,55903566,227.97,229.33,224.27
6/30/21,226.57,56774586,226.59,230.94,226.05
6/29/21,226.92,52143935,228.22,229.17,225.3
6/28/21,229.57,64884486,223.88,231.57,223.44
6/25/21,223.96,97490140,229.86,231.27,222.9
6/24/21,226.61,137947184,225,232.54,222.54
6/23/21,218.86,93297699,210.67,219.07,210.01
6/22/21,207.9,57476676,206.08,209.52,205.17
6/21/21,206.94,74438227,208.16,210.46,202.96
6/18/21,207.77,73682737,204.46,209.45,203.93
6/17/21,205.53,68104057,200.63,207.16,200.45
6/16/21,201.62,66432397,199.18,202.83,197.83
6/15/21,199.79,53292455,205.56,205.6,199.41
6/14/21,205.9,61271946,204.08,208.5,203.06
6/11/21,203.3,48615905,203.41,204.19,200.51
6/10/21,203.37,71758837,201.29,205.53,200.17
6/9/21,199.59,49753715,200.72,203.93,199.21
6/8/21,201.2,78160238,207.67,207.7,198.5
6/7/21,201.71,67631047,197.28,203.33,194.29
6/4/21,199.68,72110707,193.24,200.2,192.4
6/3/21,190.95,90335679,200.6,201.52,190.41
6/2/21,201.71,69908347,206.71,207.79,199.71
6/1/21,207.97,54254675,209.27,211.27,206.85
5/28/21,208.41,68211127,209.5,211.86,207.46
5/27/21,210.28,79111778,206.75,210.38,205.4
5/26/21,206.38,85917939,202.52,208.72,200.5
5/25/21,201.56,84017798,202.44,204.66,198.57
5/24/21,202.15,103674280,193.87,204.83,191.22
5/21/21,193.63,78091808,198.7,198.89,193.33
5/20/21,195.59,92463369,191.67,196.28,190.36
5/19/21,187.82,118735212,184.18,188.74,182.33
5/18/21,192.62,110491721,189.33,198.75,187.79
5/17/21,192.28,96743410,191.85,196.58,187.07
5/14/21,196.58,100112590,194.47,197.62,190.15
5/13/21,190.56,132554773,200.52,202.15,186.55
5/12/21,196.63,101470960,200.83,206.8,195.59
5/11/21,205.73,139511714,199.75,209.03,198.53
5/10/21,209.68,94177269,221.63,221.68,209.2
5/7/21,224.12,70407517,221.93,230,220.07
5/6/21,221.18,83353868,226.92,227.01,216.67
5/5/21,223.65,65705677,227.02,228.43,222.45
5/4/21,224.53,89217969,226.31,227.82,219.23
5/3/21,228.3,81129428,234.6,235.33,226.83
4/30/21,236.48,122276172,222.53,238.49,222.05
4/29/21,225.67,86536359,233.17,234.08,222.83
4/28/21,231.47,66813157,232.14,236.17,231.2
4/27/21,234.91,88311009,239.32,241.33,234.45
4/26/21,246.07,93115509,247,249.77,244.2
4/23/21,243.13,85241679,239.93,245.79,238.49
4/22/21,239.9,106770791,247.17,251.26,239.35
4/21/21,248.04,93646539,234.92,248.28,232.67
4/20/21,239.66,106827131,239.14,245.75,236.9
4/19/21,238.21,119058702,239.87,241.8,230.6
4/16/21,246.59,83938598,242.88,249.8,241.53
4/15/21,246.28,83546708,247.7,247.9,240.44
4/14/21,244.08,147052305,256.9,260.26,242.68
4/13/21,254.11,133958443,237.57,254.33,236.89
4/12/21,233.99,87407019,228.57,234.93,227.36
4/9/21,225.67,64311276,225.92,226.99,223.14
4/8/21,227.93,71772997,225.79,229.85,223.88
4/7/21,223.66,78928298,229,230.46,222.61
4/6/21,230.54,84815528,230.1,232.18,227.12
4/5/21,230.35,125528323,235.9,236.05,228.23
4/1/21,220.58,105895151,229.46,230.81,219.81
3/31/21,222.64,100011880,215.54,224,213.7
3/30/21,211.87,118297092,200.58,212.55,197
3/29/21,203.76,85910979,205.21,205.49,198.67
3/26/21,206.24,101558500,213.96,214.61,199.96
3/25/21,213.46,117674562,204.33,215.17,203.17
3/24/21,210.09,101385520,222.64,222.67,210.04
3/23/21,220.72,91475619,225.26,225.93,219.17
3/22/21,223.33,118536672,228.2,233.21,222.92
3/19/21,218.29,128681953,215.53,219.08,208.21
3/18/21,217.72,100107070,228.1,229.74,217.33
3/17/21,233.94,121117362,218.96,234.58,217
3/16/21,225.63,96587020,234.45,235.97,223.67
3/15/21,235.98,88270449,231.36,237.73,228.01
3/12/21,231.24,100751530,223.33,231.63,222.05
3/11/21,233.2,108761681,233.13,234.17,225.73
3/10/21,222.69,181817028,233.43,239.28,218.35
3/9/21,224.53,202570010,202.73,226.03,198.4
3/8/21,187.67,155360896,200.18,206.71,186.26
3/5/21,199.32,268189407,208.69,209.28,179.83
3/4/21,207.15,197758610,218.6,291.31,200
3/3/21,217.73,90623889,229.33,233.57,217.24
3/2/21,228.81,71196487,239.43,240.37,228.33
3/1/21,239.48,81408728,230.04,290.67,228.35
2/26/21,225.17,123267522,233.33,235.57,219.84
2/25/21,227.41,117071592,242.05,245.74,223.53
2/24/21,247.34,110300861,237.28,248.33,231.39
2/23/21,232.95,199820660,220.71,237.87,206.33
2/22/21,238.17,111809171,254.21,256.17,236.73
2/19/21,260.43,56874786,265,265.6,259.12
2/18/21,262.46,53871185,260.3,264.9,258.76
2/17/21,266.05,78236708,259.7,266.61,254
2/16/21,265.41,59406966,272.67,273.67,264.15
2/12/21,272.04,71304937,267.09,272.44,261.78
2/11/21,270.55,64868256,270.81,276.63,267.24
2/10/21,268.27,108648281,281.21,281.61,266.67
2/9/21,283.15,45472955,285.04,286.6,280.58
2/8/21,287.81,60485166,289.89,292.59,284.92
2/5/21,284.08,55699926,281.67,288.26,279.66
2/4/21,283.33,47437985,285,285.5,277.81
2/3/21,284.9,55030536,292.34,292.69,284.35
2/2/21,290.93,73038637,281.56,293.5,280.73
2/1/21,279.94,76174178,271.43,280.67,265.19
1/29/21,264.51,104972260,276.67,280.8,260.03
1/28/21,278.48,79134158,273.33,282.67,267
1/27/21,288.05,82001888,290.12,297.17,286.22
1/26/21,294.36,69394807,297.13,298.63,290.53
1/25/21,293.6,123520212,285,300.13,279.61
1/22/21,282.21,60199506,278.1,282.67,276.21
1/21/21,281.66,61794396,285,285.24,280.47
1/20/21,283.48,76997648,286.25,286.5,279.09
1/19/21,281.52,76100948,279.27,283.33,277.67
1/15/21,275.39,116332812,284,286.63,273.03
1/14/21,281.67,93798999,281.13,287.67,279.58
1/13/21,284.8,99937510,284.25,286.82,277.33
1/12/21,283.15,138812174,277,289.33,275.78
1/11/21,270.4,178662468,283.13,284.81,267.87
1/8/21,293.34,225166613,285.33,294.83,279.46
1/7/21,272.01,154496865,259.21,272.33,258.4
1/6/21,251.99,134099923,252.83,258,249.7
1/5/21,245.04,96735520,241.22,246.95,239.73
1/4/21,243.26,145914585,239.82,248.16,239.06
12/31/20,235.22,148949805,233.33,239.57,230.37
12/30/20,231.59,128538073,224,232.2,222.79
12/29/20,222,68732437,220.33,223.3,218.33
12/28/20,221.23,96835690,224.84,227.13,220.27
12/24/20,220.59,68596717,214.33,222.03,213.67
12/23/20,215.33,99518920,210.73,217.17,207.52
12/22/20,213.45,155584936,216,216.63,204.74
12/21/20,216.62,174135797,222.08,222.83,215.36
12/18/20,231.67,666378667,222.97,231.67,209.51
12/17/20,218.63,168810437,209.4,219.61,206.5
12/16/20,207.59,126287443,209.41,210.83,201.67
12/15/20,211.08,135670694,214.43,215.63,207.93
12/14/20,213.28,156121966,206.33,214.25,203.4
12/11/20,203.33,139424924,205,208,198.93
12/10/20,209.02,201249470,191.46,209.25,188.78
12/9/20,201.49,213873591,217.9,218.11,196
12/8/20,216.63,192795109,208.5,217.09,206.17
12/7/20,213.92,168929147,201.64,216.26,201.02
12/4/20,199.68,88203939,197,199.68,195.17
12/3/20,197.79,127656013,196.67,199.66,194.14
12/2/20,189.61,143326964,185.48,190.51,180.4
12/1/20,194.92,121148502,199.2,199.28,190.68
11/30/20,189.2,189009169,200.74,202.6,184.84
11/27/20,195.25,112683251,193.72,199.59,192.82
11/25/20,191.33,146790495,183.35,191.33,181.79
11/24/20,185.13,160945486,180.13,186.66,175.4
11/23/20,173.95,150780915,167.83,175.33,167.26
11/20/20,163.2,98735770,166,167.5,163.02
11/19/20,166.42,187426069,164,169.54,162.52
11/18/20,162.21,234132083,149.45,165.33,147.83
11/17/20,147.2,183564858,153.39,154,144.34
11/16/20,136.03,80515928,136.31,137.48,134.7
11/13/20,136.17,59491056,136.95,137.51,133.89
11/12/20,137.25,59821506,138.35,141,136.51
11/11/20,139.04,52073165,138.82,139.57,136.86
11/10/20,136.79,90852669,140.03,140.03,132.01
11/9/20,140.42,104499100,146.5,150.83,140.33
11/6/20,143.32,65118037,145.37,145.52,141.43
11/5/20,146.03,85243569,142.77,146.67,141.33
11/4/20,140.33,96429190,143.54,145.13,139.03
11/3/20,141.3,103055170,136.58,142.59,135.56
11/2/20,133.5,87063369,131.33,135.66,130.77
10/30/20,129.35,127762933,135.63,135.86,126.37
10/29/20,136.94,67965937,136.65,139.35,135.49
10/28/20,135.34,76354238,138.83,139.53,135.33
10/27/20,141.56,68059537,141.25,143.5,140.03
10/26/20,140.09,84717488,137.21,141.92,136.67
10/23/20,140.21,101150950,140.61,140.96,135.79
10/22/20,141.93,119979582,147.31,148.41,141.5
10/21/20,140.88,97111390,140.9,144.32,140.42
10/20/20,140.65,94968879,143.92,143.92,139.68
10/19/20,143.61,108863531,148.75,149,142.96
10/16/20,146.56,98327650,151.48,151.98,146.28
10/15/20,149.63,107017061,150.1,152.19,147.5
10/14/20,153.77,144136184,149.93,155.3,149.12
10/13/20,148.88,103391020,147.78,149.63,145.53
10/12/20,147.43,116373402,147.33,149.58,146.19
10/9/20,144.67,86776989,143.38,144.86,142.15
10/8/20,141.97,121263372,146.15,146.33,141.77
10/7/20,141.77,129383143,139.96,143.3,137.95
10/6/20,137.99,147438795,141.26,142.93,135.35
10/5/20,141.89,134168383,141.12,144.55,139.78
10/2/20,138.36,214290111,140.46,146.38,138.33
10/1/20,149.39,152224365,146.92,149.63,144.81
9/30/20,143,144436724,140.44,144.64,140.16
9/29/20,139.69,151024215,138.67,142.83,137.2
9/28/20,140.4,149158695,141.54,142.69,138.52
9/25/20,135.78,201625400,131.16,136.24,130.43
9/24/20,129.26,289683209,121.27,133.17,117.1
9/23/20,126.79,285222569,135.05,137.38,125.29
9/22/20,141.41,238742424,143.2,145.92,139.2
9/21/20,149.8,328430433,151.04,151.89,135.69
9/18/20,147.38,259220486,149.31,150.33,142.93
9/17/20,141.14,230337503,138.53,145.93,136
9/16/20,147.25,217640302,146.62,152.6,145.1
9/15/20,149.92,291894719,145.52,153.98,143.57
9/14/20,139.87,249061855,126.98,140,124.43
9/11/20,124.24,182152398,127.31,127.5,120.17
9/10/20,123.78,254791855,128.74,133,120.19
9/9/20,122.09,238397334,118.87,123,113.84
9/8/20,110.07,346397135,118.67,122.91,109.96
9/4/20,139.44,330965733,134.27,142.67,124.01
9/3/20,135.67,262788296,135.74,143.93,134
9/2/20,149.12,288528419,159.66,159.68,135.04
9/1/20,158.35,270358287,167.38,167.5,156.84
8/31/20,166.11,355123236,148.2,166.71,146.7
8/28/20,147.56,301217549,153.01,154.57,145.77
8/27/20,149.25,355395422,145.36,153.04,142.83
8/26/20,143.54,213590593,137.33,144.4,136.91
8/25/20,134.89,159883270,131.66,135.2,131.2
8/24/20,134.28,300954150,141.75,141.93,128.5
8/21/20,136.67,322343239,136.32,139.7,135
8/20/20,133.46,309176845,124.05,134.8,123.8
8/19/20,125.24,183079858,124.33,127.4,122.75
8/18/20,125.81,247117226,126.6,128.26,123.01
8/17/20,122.38,303634648,111.8,123.06,111.52
8/14/20,110.05,188664056,111,111.25,108.44
8/13/20,108.07,306379497,107.4,110.08,104.48
8/12/20,103.65,328482286,98,105.67,95.67
8/11/20,91.63,129387445,93.07,94.67,91
8/10/20,94.57,112833904,96.53,97.17,92.39
8/7/20,96.85,133446233,99.97,99.98,94.33
8/6/20,99.31,89884650,99.39,101.15,98.48
8/5/20,99,74670188,99.53,99.99,97.89
8/4/20,99.13,126224787,99.67,101.83,97.47
8/3/20,99,132140124,96.61,100.65,96.29
7/31/20,95.38,183704308,101,101.14,94.73
7/30/20,99.17,114315528,99.2,100.88,98.07
7/29/20,99.94,141403324,100.07,102.32,99.13
7/28/20,98.43,237130381,100.27,104.31,98.29
7/27/20,102.64,240729930,95.67,103.2,94.2
7/24/20,94.47,290949155,94.4,97.67,91.1
7/23/20,100.87,364927318,111.93,112.6,98.72
7/22/20,106.16,212416094,106.6,108.43,104.13
7/21/20,104.56,242359079,109.33,111.67,103.87
7/20/20,109.53,256820422,101.27,110,99.2
7/17/20,100.06,139949510,100.9,102.5,99.33
7/16/20,100.04,214511743,98.48,102.11,97.73
7/15/20,103.07,245517327,102.87,103.33,97.13
7/14/20,101.12,351271924,103.73,106,95.4
7/13/20,99.8,584780108,110.6,119.67,98.07
7/10/20,102.98,350063075,93.07,103.26,91.73
7/9/20,92.95,175763912,93.13,93.9,90.09
7/8/20,91.06,244669528,93.67,94.48,87.42
7/7/20,92.66,322344739,93.67,95.3,89.11
7/6/20,91.44,308547746,85.11,91.85,84.4
7/2/20,80.58,258751671,81.43,81.87,79.04
7/1/20,74.64,199903400,72.2,75.69,72.03
6/30/20,71.99,253777373,67.1,72.51,66.92
6/29/20,67.29,135395992,64.6,67.33,63.23
6/26/20,63.98,132823554,66.32,66.33,63.66
6/25/20,65.73,138818166,63.62,65.73,62.48
6/24/20,64.06,164393768,66.27,66.73,63.54
6/23/20,66.79,95479017,66.59,67.47,66.27
6/22/20,66.29,95435202,66.66,67.26,66
6/19/20,66.73,130196170,67.52,67.73,66.09
6/18/20,66.93,146278967,66.87,67.95,66.3
6/17/20,66.12,148361926,65.85,67,65.5
6/16/20,65.48,210766095,67.46,67.53,64.16
6/15/20,66.06,235457582,61.19,66.59,60.57
6/12/20,62.35,251450424,65.33,65.87,60.84
6/11/20,64.86,238747081,66.01,67.93,64.8
6/10/20,68.34,278451011,66.13,68.5,65.5
6/9/20,62.71,170822165,62.67,63.63,61.6
6/8/20,63.33,212620844,61.27,63.33,60.61
6/5/20,59.04,117178696,58.52,59.1,57.75
6/4/20,57.63,133315628,59.33,59.72,57.23
6/3/20,58.86,119241975,59.21,59.86,58.67
6/2/20,58.77,203483898,59.65,60.58,58.07
6/1/20,59.87,226279387,57.2,59.93,56.94
5/29/20,55.67,177187261,53.92,55.67,53.61
5/28/20,53.72,109136555,54.23,54.98,53.45
5/27/20,54.68,173242863,54.72,55.18,52.33
5/26/20,54.59,121345979,55.63,55.64,54.38
5/22/20,54.46,149812050,54.81,55.45,54.13
5/21/20,55.17,183818608,54.4,55.5,53.07
5/20/20,54.37,109639010,54.7,55.07,54.12
5/19/20,53.87,144547758,54.34,54.8,53.74
5/18/20,54.24,175471412,55.19,55.65,53.59
5/15/20,53.28,157776371,52.69,53.67,52.44
5/14/20,53.56,205232747,52,53.56,50.93
5/13/20,52.73,285982207,54.72,55.07,50.89
5/12/20,53.96,238603531,55.13,56.22,53.87
5/11/20,54.09,247793876,52.7,54.93,52.33
5/8/20,54.63,241951229,52.92,54.93,52.47
5/7/20,52,172915264,51.81,53.09,51.49
5/6/20,52.17,166848367,51.77,52.65,50.74
5/5/20,51.21,254874773,52.65,53.26,50.81
5/4/20,50.75,288556206,46.73,50.8,46.53
5/1/20,46.75,487976906,50.33,51.52,45.54
4/30/20,52.13,427077536,57.01,57.99,50.9
4/29/20,53.37,243239578,52.68,53.55,52.21
4/28/20,51.27,228329286,53.04,53.67,50.45
4/27/20,53.25,310221445,49.17,53.3,49
4/24/20,48.34,198564051,47.39,48.72,46.55
4/23/20,47.04,198550401,48.51,48.93,46.88
4/22/20,48.81,213372343,46.93,48.93,45.91
4/21/20,45.78,303136198,48.67,50.22,44.92
4/20/20,49.76,221195439,48.85,51.04,47.48
4/17/20,50.26,196923352,51.49,51.66,49.84
4/16/20,49.68,309867745,47.8,50.63,47.11
4/15/20,48.66,353654823,49.47,50.21,47.33
4/14/20,47.33,458647421,46.6,49.46,46.16
4/13/20,43.4,337131131,39.34,43.47,38.7
4/9/20,38.2,204749898,37.47,38.35,37.14
4/8/20,36.59,189840205,36.95,37.15,35.56
4/7/20,36.36,268796566,36.33,37.67,35.49
4/6/20,34.42,223527488,34.08,34.73,33.2
4/3/20,32,338431031,33.97,34.37,31.23
4/2/20,30.3,297876301,32.07,32.95,29.76
4/1/20,32.1,200297600,33.6,34.26,31.67
3/31/20,34.93,266572217,33.42,36.2,33.13
3/30/20,33.48,179970960,34.02,34.44,32.75
3/27/20,34.29,215661042,33.67,35.05,32.94
3/26/20,35.21,261331069,36.49,37.33,34.15
3/25/20,35.95,318341091,36.35,37.13,34.07
3/24/20,33.67,343427378,31.82,34.25,31.6
3/23/20,28.95,246818127,28.91,29.47,27.37
3/20/20,28.5,424282288,29.21,31.8,28.39
3/19/20,28.51,452931674,24.98,30.13,23.9
3/18/20,24.08,356792222,25.93,26.99,23.37
3/17/20,28.68,359918520,29.33,31.46,26.4
3/16/20,29.67,307341746,31.3,32.99,29.48
3/13/20,36.44,339603580,39.67,40.5,33.47
3/12/20,37.37,283635608,38.73,39.63,36.42
3/11/20,42.28,201203749,42.68,43.57,40.87
3/10/20,43.02,233916483,43.96,44.53,40.53
3/9/20,40.53,256105972,40.36,44.2,40.33
3/6/20,46.9,189943705,46,47.13,45.62
3/5/20,48.3,162789819,48.25,49.72,47.87
3/4/20,49.97,225734587,50.93,51.1,48.32
3/3/20,49.7,386759807,53.67,53.8,47.74
3/2/20,49.57,302924699,47.42,49.58,45.78
2/28/20,44.53,368462366,41.98,46.03,40.77
2/27/20,45.27,364157218,48.67,49.32,44.6
2/26/20,51.92,212307494,52.17,54.22,51.74
2/25/20,53.33,259357070,56.6,57.11,52.47
2/24/20,55.59,227882286,55.93,57.57,54.81
2/21/20,60.07,215091642,60.47,60.87,58.7
2/20/20,59.96,264523218,60.8,60.8,57.33
2/19/20,61.16,381344209,61.57,62.99,60.07
2/18/20,57.23,250475425,56.11,57.33,55.49
2/14/20,53.34,235405532,52.48,54.2,52.37
2/13/20,53.6,394340053,49.46,54.53,49
2/12/20,51.15,180336960,51.86,52.65,50.89
2/11/20,51.63,175461962,51.25,52.23,50.53
2/10/20,51.42,370337215,53.33,54.67,50.16
2/7/20,49.87,255952672,48.7,51.32,48.67
2/6/20,49.93,598210951,46.66,53.06,45.8
2/5/20,48.98,726357237,54.88,56.4,46.94
2/4/20,59.14,914080943,58.86,64.6,55.59
2/3/20,52,708502146,44.91,52.41,44.9
1/31/20,43.37,235788932,42.67,43.53,42.17
1/30/20,42.72,435084982,42.16,43.39,41.2
1/29/20,38.73,273249913,38.38,39.32,37.83
1/28/20,37.79,176827262,37.9,38.45,37.21
1/27/20,37.2,204120948,36.13,37.63,35.95
1/24/20,37.65,215303892,38.04,38.26,36.95
1/23/20,38.15,294765453,37.62,38.8,37.04
1/22/20,37.97,470535215,38.13,39.63,37.27
1/21/20,36.48,267051916,35.35,36.57,35.23
1/17/20,34.03,204435948,33.84,34.38,33.54
1/16/20,34.23,326049587,32.92,34.3,32.81
1/15/20,34.57,260532320,35.32,35.86,34.45
1/14/20,35.86,435920482,36.28,36.49,34.99
1/13/20,34.99,399518050,32.9,35.04,32.8
1/10/20,31.88,194652353,32.12,32.33,31.58
1/9/20,32.09,426947637,33.14,33.25,31.52
1/8/20,32.81,467990616,31.58,33.23,31.22
1/7/20,31.27,273136963,30.76,31.44,30.22
1/6/20,30.1,152362424,29.36,30.1,29.33
1/3/20,29.53,266920367,29.37,30.27,29.13
1/2/20,28.68,143375718,28.3,28.71,28.11
12/31/19,27.89,154386823,27,28.09,26.81
12/30/19,27.65,189018955,28.59,28.6,27.28
12/27/19,28.69,149352330,29,29.02,28.41
12/26/19,28.73,159724270,28.53,28.9,28.42
12/24/19,28.35,120820740,27.89,28.36,27.51
12/23/19,27.95,199992200,27.45,28.13,27.33
12/20/19,27.04,221778039,27.35,27.53,26.68
12/19/19,26.94,271804514,26.49,27.12,26.43
12/18/19,26.21,212045744,25.38,26.35,25.37
12/17/19,25.27,127556561,25.27,25.7,25.06
12/16/19,25.43,273313963,24.17,25.57,24.17
12/13/19,23.89,98614166,24.07,24.35,23.64
12/12/19,23.98,116643107,23.66,24.18,23.55
12/11/19,23.51,103787378,23.46,23.81,23.41
12/10/19,23.26,132599199,22.66,23.38,22.62
12/9/19,22.64,135603187,22.44,22.96,22.34
12/6/19,22.39,114283998,22.33,22.59,22.32
12/5/19,22.02,56054612,22.19,22.29,21.82
12/4/19,22.2,83043783,22.52,22.52,22.19
12/3/19,22.41,99202090,22.17,22.53,22.15
12/2/19,22.32,91229744,21.96,22.43,21.91
11/29/19,22,36984417,22.07,22.08,21.83
11/27/19,22.09,83451843,22.07,22.26,21.9
11/26/19,21.93,119343525,22.35,22.37,21.81
11/25/19,22.42,185186457,22.95,22.97,22.3
11/22/19,22.2,253059473,22.68,22.73,22
11/21/19,23.66,91650149,23.63,24.06,23.6
11/20/19,23.48,101009424,24,24.08,23.3
11/19/19,23.97,116041112,23.45,24,23.19
11/18/19,23.33,66127542,23.53,23.54,23.07
11/15/19,23.48,72188409,23.38,23.52,23.22
11/14/19,23.29,97075496,23.07,23.59,22.86
11/13/19,23.07,127017881,23.67,23.76,23.01
11/12/19,23.33,110390690,23.13,23.36,22.94
11/11/19,23.01,149905260,22.93,23.28,22.8
11/8/19,22.48,91113269,22.3,22.5,22.17
11/7/19,22.37,217010141,21.94,22.77,21.87
11/6/19,21.77,119113920,21.2,21.78,20.97
11/5/19,21.15,104151203,21.31,21.57,21.07
11/4/19,21.16,131805534,20.99,21.46,20.62
11/1/19,20.89,95758887,21.09,21.1,20.65
10/31/19,20.99,76004302,20.87,21.27,20.87
10/30/19,21,144627078,20.87,21.25,20.66
10/29/19,21.08,190263955,21.33,21.62,20.98
10/28/19,21.85,283054208,21.84,22.72,21.51
10/25/19,21.88,450091125,19.85,22,19.74
10/24/19,19.98,447288226,19.89,20.33,19.28
10/23/19,16.98,168242616,16.97,17.08,16.76
10/22/19,17.04,69376390,16.95,17.22,16.72
10/21/19,16.9,76621477,17.22,17.3,16.68
10/18/19,17.13,86304947,17.38,17.52,17.01
10/17/19,17.46,71685609,17.5,17.65,17.34
10/16/19,17.32,100564495,17.16,17.47,17.13
10/15/19,17.19,97191791,17.18,17.33,16.94
10/14/19,17.13,153402823,16.53,17.24,16.48
10/11/19,16.53,127322321,16.48,16.74,16.45
10/10/19,16.32,94701208,16.35,16.62,16.11
10/9/19,16.3,104025443,16.09,16.49,16.04
10/8/19,16,130535005,15.72,16.26,15.63
10/7/19,15.85,121304294,15.32,15.9,15.24
10/4/19,15.43,120317640,15.44,15.65,15.2
10/3/19,15.54,227066286,15.46,15.63,14.95
10/2/19,16.21,93848173,16.22,16.31,15.96
10/1/19,16.31,92944304,16.1,16.4,15.94
9/30/19,16.06,89192370,16.2,16.27,15.74
9/27/19,16.14,166847617,16.15,16.58,15.92
9/26/19,16.17,181181759,15.38,16.22,15.16
9/25/19,15.25,141664219,14.97,15.27,14.56
9/24/19,14.88,194116553,16.1,16.13,14.84
9/23/19,16.08,65874417,16,16.35,15.95
9/20/19,16.04,97593911,16.43,16.46,15.88
9/19/19,16.44,73246988,16.4,16.53,16.32
9/18/19,16.23,63421513,16.33,16.54,16.16
9/17/19,16.32,59203605,16.16,16.37,16.02
9/16/19,16.19,70921405,16.4,16.5,16.08
9/13/19,16.35,79697135,16.46,16.56,16.32
9/12/19,16.39,128718086,16.51,16.9,16.29
9/11/19,16.47,150641625,15.83,16.54,15.73
9/10/19,15.7,73255673,15.39,15.7,15.26
9/9/19,15.45,72039999,15.33,15.58,15.28
9/6/19,15.16,62840549,15.15,15.31,15.01
9/5/19,15.31,111049774,14.83,15.32,14.72
9/4/19,14.71,86530397,15.13,15.23,14.61
9/3/19,15,80408150,14.94,15.26,14.88
8/30/19,15.04,139916555,15.28,15.5,14.95
8/29/19,14.78,77746521,14.6,14.89,14.53
8/28/19,14.37,48579351,14.25,14.48,14.15
8/27/19,14.27,81310864,14.38,14.59,14.14
8/26/19,14.33,75816172,14.24,14.33,14.1
8/23/19,14.09,128395496,14.66,14.74,14.07
8/22/19,14.81,98474411,14.85,15.03,14.55
8/21/19,14.72,116996102,14.8,14.88,14.51
8/20/19,15.06,62557874,15.17,15.27,14.97
8/19/19,15.12,79676180,14.95,15.19,14.78
8/16/19,14.66,78110601,14.44,14.82,14.4
8/15/19,14.38,123479218,14.72,14.77,14.1
8/14/19,14.64,143438793,15.41,15.43,14.45
8/13/19,15.67,73034933,15.25,15.73,15.17
8/12/19,15.27,69959020,15.53,15.72,15.25
8/9/19,15.67,58473631,15.74,15.93,15.59
8/8/19,15.89,79115195,15.63,15.99,15.51
8/7/19,15.56,71647464,15.1,15.57,15.05
8/6/19,15.38,83462958,15.46,15.5,15.05
8/5/19,15.22,105424132,15.31,15.42,15.05
8/2/19,15.62,92047169,15.42,15.75,15.28
8/1/19,15.59,123892678,16.18,16.3,15.45
7/31/19,16.11,137673051,16.2,16.45,15.78
7/30/19,16.15,121635149,15.53,16.22,15.48
7/29/19,15.72,139099895,15.14,15.73,15.07
7/26/19,15.2,150415425,15.13,15.35,14.82
7/25/19,15.25,336273582,15.57,15.63,15.04
7/24/19,17.66,166092517,17.28,17.74,17.21
7/23/19,17.34,75346777,17.11,17.37,16.97
7/22/19,17.05,102694044,17.25,17.48,16.95
7/19/19,17.21,105726097,17.05,17.33,16.97
7/18/19,16.9,71467209,17,17.05,16.79
7/17/19,16.99,146470832,17.04,17.22,16.89
7/16/19,16.83,122234774,16.62,16.9,16.53
7/15/19,16.9,165001267,16.53,16.96,16.32
7/12/19,16.34,138007746,15.98,16.36,15.98
7/11/19,15.91,112716394,15.88,16.1,15.72
7/10/19,15.93,137185971,15.61,15.93,15.54
7/9/19,15.34,92862479,15.26,15.4,15.15
7/8/19,15.36,88208086,15.42,15.48,15.24
7/5/19,15.54,105986017,15.64,15.7,15.39
7/3/19,15.66,213017143,15.96,16.1,15.63
7/2/19,14.97,138885336,15.26,15.28,14.81
7/1/19,15.14,123569398,15.35,15.54,15.09
6/28/19,14.9,102770709,14.73,15.01,14.72
6/27/19,14.86,95095602,14.63,14.86,14.49
6/26/19,14.62,127608056,14.69,15.15,14.54
6/25/19,14.65,92731019,14.96,15.02,14.63
6/24/19,14.91,86261522,14.88,15.06,14.73
6/21/19,14.79,123031108,14.41,14.81,14.37
6/20/19,14.64,177951811,14.87,15.13,14.42
6/19/19,15.1,98626976,15.01,15.18,14.74
6/18/19,14.98,190736755,15.25,15.65,14.84
6/17/19,15,184751908,14.37,15.13,14.28
6/14/19,14.33,111500974,14.08,14.44,14.03
6/13/19,14.26,122523839,14.03,14.33,13.83
6/12/19,13.95,227962986,14.86,14.89,13.93
6/11/19,14.47,174803013,14.61,14.73,14.23
6/10/19,14.19,158775521,14.02,14.46,13.93
6/7/19,13.63,240052830,13.67,14.06,13.57
6/6/19,13.73,303632098,13.63,14.07,13.45
6/5/19,13.11,202661299,13.25,13.42,12.79
6/4/19,12.91,207112696,12.07,12.93,11.97
6/3/19,11.93,195966052,12.37,12.45,11.8
5/31/19,12.34,156100872,12.34,12.66,12.27
5/30/19,12.55,118897066,12.58,12.82,12.47
5/29/19,12.66,179529510,12.47,12.83,12.34
5/28/19,12.58,154693423,12.75,13,12.52
5/24/19,12.71,212048444,13.32,13.33,12.58
5/23/19,13.03,398206901,12.96,13.3,12.41
5/22/19,12.85,280277710,13.27,13.6,12.79
5/21/19,13.67,270058365,13.18,13.83,13.07
5/20/19,13.69,307892846,13.52,13.73,13.02
5/17/19,14.07,266799917,14.8,14.82,13.93
5/16/19,15.22,112249039,15.3,15.4,15.1
5/15/19,15.46,109439585,15.29,15.5,15.02
5/14/19,15.49,108786126,15.29,15.63,15.2
5/13/19,15.13,162521919,15.47,15.5,14.97
5/10/19,15.97,105124987,15.98,16.13,15.73
5/9/19,16.13,100670680,16.13,16.25,15.8
5/8/19,16.32,92646554,16.46,16.71,16.28
5/7/19,16.47,151971074,17.12,17.15,16.34
5/6/19,17.02,162509019,16.67,17.22,16.57
5/3/19,17,355601372,16.26,17.11,16.23
5/2/19,16.27,272389964,16.37,16.48,15.85
5/1/19,15.6,160565170,15.92,16,15.43
4/30/19,15.91,141704404,16.14,16.28,15.8
4/29/19,16.1,250299175,15.72,16.27,15.48
4/26/19,15.68,332267234,16.43,16.45,15.41
4/25/19,16.51,327350536,17,17.27,16.4
4/24/19,17.24,144855843,17.59,17.69,17.2
4/23/19,17.59,163640168,17.34,17.71,17.05
4/22/19,17.52,181525259,17.93,17.98,17.5
4/18/19,18.22,87922126,18.08,18.32,17.98
4/17/19,18.08,76770127,18.32,18.32,17.9
4/16/19,18.22,108997506,17.72,18.33,17.65
4/15/19,17.76,150487275,17.91,17.93,17.24
4/12/19,17.85,101030739,18.01,18.13,17.79
4/11/19,17.89,146719337,17.89,18.03,17.71
4/10/19,18.4,105675457,18.45,18.56,18.19
4/9/19,18.15,88398661,18.11,18.33,17.97
4/8/19,18.21,155468922,18.51,18.74,18.03
4/5/19,18.33,195341002,17.99,18.41,17.74
4/4/19,17.85,355202372,17.46,18.08,17.37
4/3/19,19.45,118749691,19.15,19.74,19.14
4/2/19,19.06,81407719,19.22,19.3,18.93
4/1/19,19.28,121396949,18.84,19.28,18.75
3/29/19,18.66,89705280,18.58,18.68,18.3
3/28/19,18.57,101473764,18.48,18.69,18.34
3/27/19,18.32,131285694,17.92,18.36,17.88
3/26/19,17.85,110127965,17.63,18.02,17.63
3/25/19,17.36,153076123,17.31,17.55,16.96
3/22/19,17.64,130829185,18.17,18.19,17.6
3/21/19,18.27,88963831,18.17,18.43,17.9
3/20/19,18.24,103229588,17.98,18.33,17.75
3/19/19,17.83,176614862,17.83,18.22,17.56
3/18/19,17.97,153974323,18.4,18.54,17.82
3/15/19,18.36,221360289,18.9,18.92,18.29
3/14/19,19.33,105722017,19.5,19.69,19.22
3/13/19,19.26,102267759,18.93,19.47,18.85
3/12/19,18.89,112320499,19.1,19.2,18.74
3/11/19,19.39,110584415,18.9,19.42,18.7
3/8/19,18.94,132086514,18.46,19.04,18.39
3/7/19,18.44,141160384,18.59,18.98,18.28
3/6/19,18.42,154790473,18.43,18.77,18.29
3/5/19,18.44,280946860,18.8,18.93,18.01
3/4/19,19.02,256033222,19.87,19.93,18.85
3/1/19,19.65,342731079,20.46,20.48,19.46
2/28/19,21.33,144993288,21.26,21.33,20.72
2/27/19,20.98,167161416,20.12,21.09,20.04
2/26/19,19.86,128574071,19.48,20.13,19.25
2/25/19,19.92,93205468,19.86,20.19,19.8
2/22/19,19.65,85970657,19.63,19.77,19.47
2/21/19,19.42,133212383,20.12,20.22,19.37
2/20/19,20.17,106994482,20.29,20.42,19.93
2/19/19,20.38,61807769,20.44,20.77,20.36
2/15/19,20.53,58437196,20.3,20.53,20.26
2/14/19,20.25,77863266,20.23,20.45,20.07
2/13/19,20.54,76955932,20.82,20.85,20.37
2/12/19,20.79,82281244,21.08,21.21,20.64
2/11/19,20.86,106710127,20.77,21.24,20.7
2/8/19,20.39,87526126,20.46,20.5,19.9
2/7/19,20.5,97677401,20.89,20.98,20.2
2/6/19,21.15,75470482,21.31,21.62,21.04
2/5/19,21.42,101021034,20.83,21.5,20.82
2/4/19,20.86,110161085,20.87,21.02,20.13
2/1/19,20.81,108954216,20.36,21.07,20.23
1/31/19,20.47,188177756,20.07,20.77,19.6
1/30/19,20.58,158910521,20.03,20.6,19.9
1/29/19,19.83,69043960,19.68,19.9,19.45
1/28/19,19.76,96142107,19.53,19.83,19.18
1/25/19,19.8,106541662,19.63,19.9,19.3
1/24/19,19.43,119863605,18.87,19.58,18.62
1/23/19,19.17,187696106,19.5,19.63,18.78
1/22/19,19.93,180781860,20.32,20.53,19.7
1/18/19,20.15,361188719,21.53,21.81,19.98
1/17/19,23.15,54917403,23.08,23.43,22.94
1/16/19,23.07,70158370,22.99,23.47,22.9
1/15/19,22.96,90718305,22.33,23.25,22.3
1/14/19,22.29,78490311,22.83,22.83,22.27
1/11/19,23.15,75526132,22.81,23.23,22.58
1/10/19,23,90744270,22.29,23.03,22.12
1/9/19,22.57,81399229,22.37,22.9,22.1
1/8/19,22.36,104916353,22.8,22.93,21.8
1/7/19,22.33,113135013,21.45,22.45,21.18
1/4/19,21.18,110741270,20.4,21.2,20.18
1/3/19,20.02,104228603,20.47,20.63,19.83
1/2/19,20.67,174168963,20.41,21.01,19.92
12/31/18,22.19,94414423,22.52,22.61,21.68
12/28/18,22.26,148781581,21.54,22.42,21.23
12/27/18,21.08,128510711,21.32,21.48,20.1
12/26/18,21.74,122146469,20,21.8,19.61
12/24/18,19.69,83398653,20.9,20.97,19.68
12/21/18,21.32,119958225,21.16,21.56,20.83
12/20/18,21.03,135740767,21.8,22.02,20.79
12/19/18,22.2,123845548,22.51,23.13,21.98
12/18/18,22.47,106273252,23.37,23.44,22.25
12/17/18,23.23,114972423,24.13,24.38,22.93
12/14/18,24.38,94914328,25,25.19,24.29
12/13/18,25.12,110222465,24.68,25.16,24.45
12/12/18,24.44,75295837,24.63,24.79,24.34
12/11/18,24.45,94477033,24.66,24.81,24.02